-1,-1,-1,-1,-1,38960.95750247524,8321.37948904653,83.50100488279713,2795.6192515493603,1499.4224465538937,780.7411955328425,279.01936263937796,7.692307692253962,427.47908586938865,303.86925145532587,4954.843261123606,2710.473808496816,138.46153846153902,4733.269592332072,2516.7176600355306,16.0,9.714285714285714,6.0,12.0,9.5,-1,-1,-1,-1,-1,1960.0,1073.3333333333333,0.0,1470.0,980.0,1,1,0,1
-1,-1,-1,-1,-1,35624.19044732349,5401.687883992292,15.619963335630018,1857.1428571428696,1162.8373538321175,790.7028224893147,276.245338479962,0.8019997478695586,439.94996251771227,285.46427878938266,7171.977245258808,4064.7528376337305,1112.850936331306,6224.418376588059,4184.760080846201,22.0,14.714285714285714,10.0,19.0,13.0,-1,-1,-1,-1,-1,2940.0,1913.3333333333335,0.0,2450.0,1960.0,11,1,0,1
-1,-1,-1,-1,-1,19416.755029211723,3301.185417408769,15.619963335630018,2013.3877972693908,1453.9863294990155,864.5951761567849,280.440742601383,0.8019997478695586,436.85970622424793,298.3857975053543,11528.020251202572,6730.577822433214,2695.1233529730816,10522.036177652626,6510.953315576509,35.0,24.0,16.0,31.0,22.5,-1,-1,-1,-1,-1,4900.0,2951.666666666667,0.0,3552.5,2940.0,111,1,0,1
-1,-1,-1,-1,-1,19416.755029211723,3153.594956114829,15.619963335630018,1988.6740540393657,1249.3632780460466,864.5951761567849,265.23001480395254,3.1359949548495933,422.4646418627817,250.42821882199496,11670.252496458474,6668.640372213643,1941.4567834129557,11122.27904881863,6404.212841974921,38.0,25.142857142857142,17.0,32.0,23.0,-1,-1,-1,-1,-1,4900.0,3161.6666666666665,490.0,3920.0,2940.0,1111,1,0,1
-1,-1,-1,-1,-1,19416.755029211723,2984.3154454253936,13.411971076129703,1906.1860709104658,1062.9869715963578,864.5951761567849,233.40217426287236,4.860605310066603,376.68686238335795,221.5095553168212,12174.040026947041,6235.172369593859,1980.067402728193,10035.324418659031,5848.856768919286,40.0,26.714285714285715,18.0,36.0,25.0,-1,-1,-1,-1,-1,6370.0,3873.3333333333335,1470.0,4410.0,3920.0,11111,1,0,1
-1,-1,-1,-1,-1,3851.390898978818,1202.1376806107965,3.103589386329986,1857.142857142855,988.7792530214938,883.1095993147464,261.11712614767475,2.554900798131712,425.7781222961785,252.3847130886861,27496.277903773822,15365.867428087673,2734.7494637369746,25160.172326429205,14325.576602690853,85.0,58.92857142857143,40.0,81.0,55.0,-1,-1,-1,-1,-1,11760.0,8540.0,2940.0,10290.0,9310.0,111111,1,0,1
-1,-1,-1,-1,-1,3851.390898978818,1158.5036300912968,3.103589386329986,1857.142857142855,893.1106014029901,883.1095993147464,265.0638411064982,2.554900798131712,436.5510627036574,258.81334170391347,29807.25169796252,16033.903727121964,1530.5089174430834,26489.137906396238,15117.753846989712,90.0,60.57142857142857,41.0,79.0,57.5,-1,-1,-1,-1,-1,12250.0,8925.0,2450.0,10290.0,9800.0,1111111,1,0,1
-1,-1,-1,-1,-1,3851.390898978818,1168.8562865665428,3.103589386329986,1857.142857142855,930.1619556245569,883.1095993147464,256.39190183455975,2.554900798131712,434.47723735001637,246.84207953623263,29842.298973198107,15448.74849098224,1066.2759979896439,26159.07960707933,14690.957283071359,90.0,60.5,40.0,76.0,58.5,-1,-1,-1,-1,-1,13720.0,9391.666666666666,2940.0,10902.5,9800.0,11111111,1,0,1
-1,-1,-1,-1,-1,3965.0426604134846,1293.0092102023073,0.9380098438705318,1857.1428571428696,1399.6340586583829,898.1434999657213,255.1425646637412,0.8733391904388554,443.67077658700873,247.11434332784847,25558.475874950847,14196.026656098771,2205.1751781569874,24220.751471744443,14040.595424798463,85.0,55.642857142857146,39.0,72.0,50.0,-1,-1,-1,-1,-1,19110.0,11935.0,6860.0,13230.0,12250.0,111111111,1,0,1
-1,-1,-1,-1,-1,3727.332776782302,1286.5546982732023,0.28323642595205456,1857.1428571428696,1371.2024805326946,898.1434999657213,239.31044375003378,0.12283016694709659,432.7403274727112,212.81844670081045,24463.523689729707,13467.61335360173,1853.3211399107656,22043.27712063986,13216.83470547221,88.0,56.5,39.0,73.0,51.5,-1,-1,-1,-1,-1,18130.0,12215.0,7840.0,13352.5,12250.0,1111111111,1,0,1
-1,-1,-1,-1,-1,3727.332776782302,1278.0465838661637,0.22539199386665132,1857.1428571428696,1364.4507444439078,898.1434999657213,236.33149309792026,0.12283016694709659,421.18427768205584,205.5010925453389,24877.970930761367,13400.587567370912,2302.8202001849404,22470.47384060861,12769.857408934025,92.0,56.92857142857143,41.0,70.0,52.0,-1,-1,-1,-1,-1,17150.0,12915.0,7840.0,14332.5,12740.0,11111111111,1,0,1
-1,-1,-1,-1,-1,3589.8433950164413,1217.901500577483,0.22539199386665132,1857.1428571428587,1110.0550089966273,898.1434999657213,228.17213187351308,0.12283016694709659,409.24159264864284,195.06377197202528,25557.407482925773,13536.172017991306,2182.6319864801017,24025.735594508587,12436.233024199726,89.0,59.642857142857146,42.0,75.0,56.5,-1,-1,-1,-1,-1,17150.0,14350.0,9310.0,16170.0,14210.0,111111111111,1,0,1
-1,-1,-1,-1,-1,3545.4545454545455,1220.1185548751803,0.22539199386665132,1857.1428571428696,1124.8249509463785,898.1434999657213,197.07624459008568,0.5003992185229436,343.84797938578413,153.13794210978085,23685.236094764932,11979.420296154625,1547.9229979623542,19873.48277332913,11551.680578077401,87.0,60.785714285714285,42.0,71.0,59.5,-1,-1,-1,-1,-1,21070.0,15995.0,11270.0,17150.0,16660.0,1111111111111,1,0,1
-1,-1,-1,-1,-1,3545.4545454545455,1213.1698787941486,0.22539199386665132,1857.1428571428696,1093.25193482732,898.1434999657213,195.74691366490734,0.3671756626717979,343.5619311303235,151.1085846338974,22277.586064921972,11954.05463694562,1548.0519917324182,20907.074264594994,11354.293793204022,88.0,61.142857142857146,42.0,74.0,59.5,-1,-1,-1,-1,-1,20090.0,15983.333333333334,11270.0,17640.0,16170.0,11111111111111,1,0,1
-1,-1,-1,-1,-1,37743.08531286009,5952.254244178491,18.563213681190973,1598.189696736721,844.3011554283221,785.1885979137733,271.9235703248758,1.4993829941377044,427.23198898866394,278.46782809930664,5959.145129186392,3651.545087219768,1801.169043665228,5443.7872182714345,3220.15082294686,17.0,13.428571428571427,10.0,16.0,12.0,-1,-1,-1,-1,-1,1960.0,1096.6666666666667,0.0,1470.0,980.0,1,1,1,1
-1,-1,-1,-1,-1,35736.45311135013,3512.8031353542615,7.279717933706706,935.3286160582211,598.4530495031795,791.7371808683238,261.8665378490244,1.5670040026889183,436.5282174992899,245.81284617379242,10921.612380405655,5798.473338085554,1777.97398495776,9530.597436696262,5207.039347701735,28.0,22.142857142857142,18.0,28.0,21.0,-1,-1,-1,-1,-1,2940.0,1808.3333333333333,0.0,2450.0,1960.0,11,1,1,1
-1,-1,-1,-1,-1,18864.89898860306,2168.377252148252,7.279717933706706,1175.8857621858951,641.7177694677084,864.5951761567849,260.3537345291601,1.5670040026889183,423.02488702060145,250.28436026103736,16588.33499530173,9223.960880461762,3350.5711870961823,14633.49925819601,8134.495399585809,44.0,35.42857142857143,28.0,43.0,34.0,-1,-1,-1,-1,-1,4900.0,2893.3333333333335,0.0,3920.0,3185.0,111,1,1,1
-1,-1,-1,-1,-1,18864.89898860306,1866.4031489560311,4.321012360451277,944.5544196610572,525.4604005767615,864.5951761567849,247.01890260887455,0.500173198262928,414.10637212258007,229.9443283178407,17754.32566748459,10057.198177647084,3269.414714919112,16858.346290276797,9003.975336472038,53.0,40.714285714285715,29.0,50.0,40.0,-1,-1,-1,-1,-1,5390.0,3371.6666666666665,0.0,4042.5,3430.0,1111,1,1,1
-1,-1,-1,-1,-1,18864.89898860306,1403.9420745929092,1.883252839150373,620.0394680306999,347.45948671147926,864.5951761567849,197.9868740666617,0.011487155381473713,354.7367598111887,155.92030564849847,19485.87112218757,10634.723521294947,2933.688917055959,17874.547927125037,10055.8406427718,59.0,53.714285714285715,43.0,57.0,55.0,-1,-1,-1,-1,-1,6370.0,4760.0,2940.0,5390.0,4900.0,11111,1,1,1
-1,-1,-1,-1,-1,2345.5511281159706,560.4034042841467,0.9671779852360487,742.2827524024997,457.64465238026605,899.0233308537281,228.95957823955482,0.011487155381473713,399.86130380025133,210.4702248904323,44650.51635194529,24915.662841569552,8698.33212794052,40533.886116306065,22861.280161012008,125.0,109.28571428571429,87.0,121.0,113.0,-1,-1,-1,-1,-1,13230.0,9741.666666666666,3430.0,11270.0,10290.0,111111,1,1,1
-1,-1,-1,-1,-1,2345.5511281159706,520.8384037359265,0.9671779852360487,696.8403469538898,446.05462287773844,899.0233308537281,234.93466463782522,0.011487155381473713,417.34405921655707,217.00340148131363,48661.36744847511,26709.765654764826,9001.30882888753,44397.240685122204,24367.588592741726,132.0,114.14285714285714,93.0,126.0,115.0,-1,-1,-1,-1,-1,14210.0,10126.666666666666,3430.0,11882.5,11025.0,1111111,1,1,1
-1,-1,-1,-1,-1,2345.5511281159706,503.63920277007435,0.9671779852360487,678.1617066906038,424.44788312791206,899.0233308537281,231.38609151983096,0.011487155381473713,414.2643722950306,211.4513661346282,49345.94894355972,27073.80090127365,9072.578942157736,44717.41740519856,24883.958602099425,135.0,117.42857142857143,97.0,129.0,118.0,-1,-1,-1,-1,-1,15190.0,10745.0,3920.0,12740.0,11760.0,11111111,1,1,1
-1,-1,-1,-1,-1,2303.7375684165163,471.1664811169458,0.9380098438705318,632.0533280974632,383.84875406263745,898.1434999657213,225.70769836612317,0.011487155381473713,427.10824882634915,182.34253381167946,50999.477014213335,27866.638972369994,7898.473581589991,47184.888901948754,25745.240665434816,153.0,123.85714285714286,97.0,137.0,125.0,-1,-1,-1,-1,-1,18130.0,12355.0,3920.0,14700.0,12250.0,111111111,1,1,1
-1,-1,-1,-1,-1,2179.9591841975343,416.05705196192787,0.0,552.2737356534271,321.0722086924943,898.1434999657213,197.95775662749895,0.0,371.23929960936584,131.99215637036832,51396.12627310783,27759.410539943037,6975.269584098074,47473.151503401285,26013.426314513803,183.0,140.57142857142858,106.0,151.0,141.0,-1,-1,-1,-1,-1,20580.0,14770.0,7350.0,16782.5,14210.0,1111111111,1,1,1
-1,-1,-1,-1,-1,2179.9591841975343,408.73375181505514,0.0,543.1292400609818,320.8016108031443,898.1434999657213,194.8532328522672,0.0,366.93236516206525,125.61223362768942,51502.31802956569,27796.21819189468,6985.383451672678,46809.71997037402,26419.64694772914,187.0,143.0,108.0,153.0,144.0,-1,-1,-1,-1,-1,21560.0,15516.666666666666,7840.0,18130.0,15190.0,11111111111,1,1,1
-1,-1,-1,-1,-1,2179.9591841975343,342.7183286266211,0.0,480.1381032047211,239.7279578280868,898.1434999657213,167.1503726858299,0.0,306.3228276593727,92.50857274752343,54468.83573681644,28257.21445639153,6431.662896805559,46889.436377876205,27796.895979130808,210.0,169.28571428571428,131.0,183.0,173.0,-1,-1,-1,-1,-1,24500.0,18410.0,10780.0,20825.0,18865.0,111111111111,1,1,1
-1,-1,-1,-1,-1,1676.1149696237408,272.1860618495226,0.0,411.7097709507507,177.03419868111592,898.1434999657213,145.7447179858195,0.0,265.30137006485165,63.29821273719426,61107.76875354568,30096.271627479095,6494.925908999401,51134.787676078326,28584.954863087143,242.0,206.57142857142858,167.0,230.0,213.0,-1,-1,-1,-1,-1,29400.0,23088.333333333332,16660.0,25970.0,22785.0,1111111111111,1,1,1
-1,-1,-1,-1,-1,1676.1149696237408,271.41738510037175,0.0,411.8015547133109,176.80299511025078,898.1434999657213,145.3604822388638,0.0,263.71914596518036,62.7834028370271,61149.63131987669,30099.96263303208,6494.18180750648,51162.40157845616,28639.962948457352,242.0,207.14285714285714,167.0,231.0,213.0,-1,-1,-1,-1,-1,29400.0,23111.666666666668,16660.0,25970.0,22785.0,11111111111111,1,1,1
-1,-1,-1,-1,-1,43200.527337962296,30072.554852126304,5360.567428238923,41384.79212096191,37635.47841678982,461.1983985399711,357.91476860685736,79.56766015861649,439.52008495875634,394.5883435250398,1208.5690604168922,980.0047235663952,840.1404196902149,1037.880376920988,975.6912157645365,4.0,2.738095238095238,2.0,3.0,3.0,-1,-1,-1,-1,-1,1960.0,1341.6666666666667,980.0,1470.0,1470.0,1,1,0,0
-1,-1,-1,-1,-1,42378.44327637181,17098.60128106095,588.643582100689,36565.84372713889,5369.136768279888,461.1983985399711,321.57921434895604,24.215652734666946,423.492332249989,353.24918102723313,2018.7931120993817,1538.986240098575,856.2885948645417,1778.0597506695349,1590.606448307657,7.0,4.785714285714286,2.0,6.0,5.0,-1,-1,-1,-1,-1,3430.0,2345.0,980.0,2940.0,2450.0,11,1,0,0
-1,-1,-1,-1,-1,22521.740756176223,11102.40951475961,588.643582100689,16958.7425038605,13756.640416278387,461.1983985399711,332.9276879945401,24.215652734666946,427.09813035686966,367.54362987645436,3124.5968605029484,2496.957659959051,1844.9626620469498,2740.895147215313,2533.0139810667897,10.0,7.5,5.0,8.0,8.0,-1,-1,-1,-1,-1,4900.0,3675.0,2450.0,3920.0,3920.0,111,1,0,0
-1,-1,-1,-1,-1,22521.740756176223,10930.226645322686,610.1499527201813,16955.010911846824,13663.401626380568,599.1492695430643,361.7207492464599,11.163174371700734,445.7240288790781,386.9706261642277,3728.618181422411,2747.3552145147783,1918.47196370046,3181.3937637925555,2628.322064484313,10.0,7.595238095238095,5.0,9.0,8.0,-1,-1,-1,-1,-1,4900.0,3721.6666666666665,2450.0,4410.0,3920.0,1111,1,0,0
-1,-1,-1,-1,-1,22521.740756176223,8217.152278500038,610.1499527201813,13997.546769012642,3017.977727478923,599.1492695430643,359.35062356557876,11.163174371700734,441.7950264985666,388.0505647106329,4611.404871016042,3593.5062356557873,2773.1282638459816,4022.5803973458387,3465.0945638009125,13.0,10.0,7.0,11.0,10.0,-1,-1,-1,-1,-1,6370.0,4900.0,3430.0,5390.0,4900.0,11111,1,0,0
-1,-1,-1,-1,-1,7638.971769828595,3315.749429964489,598.9083853714983,5250.334147455942,4032.1518537985976,599.1492695430643,353.75750540490947,10.087050011963584,441.8351004327369,376.23029497396055,10173.772324689227,8269.351885761018,6618.253659140377,9430.433991335754,8108.730305789366,28.0,23.452380952380953,19.0,26.0,23.5,-1,-1,-1,-1,-1,13720.0,11491.666666666666,9310.0,12740.0,11515.0,111111,1,0,0
-1,-1,-1,-1,-1,7638.971769828595,2995.5502745133763,598.9083853714983,5229.785362139523,3127.2168847607572,599.1492695430643,357.38509778612195,10.087050011963584,441.79552341916497,379.9418066154176,11027.21051583343,9145.780280751584,7491.66779754404,10306.023331482967,8948.10624744468,30.0,25.666666666666668,21.0,28.0,26.0,-1,-1,-1,-1,-1,14700.0,12576.666666666666,10290.0,13720.0,12740.0,1111111,1,0,0
-1,-1,-1,-1,-1,7638.971769828595,2707.0904263568445,598.9083853714983,4095.2099594062747,1981.437841753308,599.1492695430643,353.9664622354414,3.8516796425392386,440.93409883572076,379.0595937583712,11895.897962260962,9951.654878334326,8360.663365322936,11160.950892855777,9775.427968344644,32.0,28.142857142857142,23.0,31.0,29.0,-1,-1,-1,-1,-1,15680.0,13790.0,11270.0,15190.0,14210.0,11111111,1,0,0
-1,-1,-1,-1,-1,5750.339319087386,1803.5102630603842,463.0778330722824,2425.9608638104255,1881.2203058154264,599.1492695430643,356.8512660430214,2.5611576271476224,441.4834200141486,383.0173942247602,16720.787502241612,14179.06909768011,11616.565897920773,16170.848875642201,13912.20233940953,46.0,39.92857142857143,30.0,45.0,41.0,-1,-1,-1,-1,-1,22540.0,19565.0,14700.0,22050.0,20090.0,111111111,1,0,0
-1,-1,-1,-1,-1,5750.339319087386,1793.7230107752373,463.0778330722824,2418.9936842090065,1888.633395548095,630.6572417228599,367.8560675434924,2.5611576271476224,452.1756301952264,382.736462690169,17410.53498114698,14609.528267822388,11932.938326964693,16695.378635866815,14390.341582518224,46.0,39.904761904761905,30.0,45.0,41.0,-1,-1,-1,-1,-1,22540.0,19553.333333333332,14700.0,22050.0,20090.0,1111111111,1,0,0
-1,-1,-1,-1,-1,5750.339319087386,1706.1932282358266,149.0868136168865,2400.6840082872513,1611.79407948663,630.6572417228599,355.7342249583646,2.5611576271476224,447.8656263632365,367.7789707434131,17427.713402339607,14811.867888035558,12113.52131138037,16934.118002386625,14450.276785835895,50.0,41.833333333333336,34.0,46.25,42.5,-1,-1,-1,-1,-1,24500.0,20498.333333333332,16660.0,22662.5,20825.0,11111111111,1,0,0
-1,-1,-1,-1,-1,4707.577821412796,1669.9906202800696,115.7460526197392,2388.94038987589,1610.079151748354,630.6572417228599,342.6796770878147,2.5611576271476224,438.08281228910346,354.66549545413,17302.48956548641,14616.591352469366,11994.666405692544,16763.892178366128,14320.261483554243,53.0,42.857142857142854,34.0,48.0,44.0,-1,-1,-1,-1,-1,25970.0,21000.0,16660.0,23520.0,21560.0,111111111111,1,0,0
-1,-1,-1,-1,-1,4707.577821412796,1635.9464903879093,20.75665882078465,2379.051037209374,1607.0455570741615,630.6572417228599,332.9701048632757,2.5611576271476224,432.6870443942171,342.1216786062723,17303.895298771386,14517.581214144626,11750.021846551856,16686.405420913594,14244.505617710258,55.0,43.80952380952381,35.0,49.0,44.5,-1,-1,-1,-1,-1,26950.0,21466.666666666668,17150.0,24010.0,21805.0,1111111111111,1,0,0
-1,-1,-1,-1,-1,4707.577821412796,1636.8144758168837,20.75665882078465,2379.0530005772016,1607.1844718176253,630.6572417228599,333.1727646737045,2.5611576271476224,432.73680310550844,342.12328226532554,17305.712150779465,14518.526959061659,11752.546662879555,16688.882228434013,14243.288826156217,55.0,43.785714285714285,35.0,49.0,44.5,-1,-1,-1,-1,-1,26950.0,21455.0,17150.0,24010.0,21805.0,11111111111111,1,0,0
-1,-1,-1,-1,-1,43200.527337962296,30072.554852126304,5360.567428238923,41384.79212096191,37635.47841678982,461.1983985399711,357.91476860685736,79.56766015861649,439.52008495875634,394.5883435250398,1208.5690604168922,980.0047235663952,840.1404196902149,1037.880376920988,975.6912157645365,4.0,2.738095238095238,2.0,3.0,3.0,-1,-1,-1,-1,-1,1960.0,1341.6666666666667,980.0,1470.0,1470.0,1,1,1,0
-1,-1,-1,-1,-1,41630.68622504457,14626.701144931265,532.2088422866655,36440.01584878305,4478.170937007802,461.1983985399711,340.015613983624,79.56766015861649,427.73628753265075,366.6795823330176,2229.6383808935643,1894.372706480191,1292.1737587945827,2065.2488946137782,1921.0571827211443,7.0,5.571428571428571,4.0,6.0,6.0,-1,-1,-1,-1,-1,3430.0,2730.0,1960.0,2940.0,2940.0,11,1,1,0
-1,-1,-1,-1,-1,22521.740756176223,9977.70176610574,426.582707002039,16783.17041946045,5449.375910094532,461.1983985399711,343.5911246322484,74.50555524305673,431.54695742323383,374.5384072631714,3387.033097278967,2855.078630872731,2280.847825976991,3010.091726023238,2863.19904529216,11.0,8.30952380952381,7.0,9.25,8.0,-1,-1,-1,-1,-1,5390.0,4071.6666666666665,3430.0,4532.5,3920.0,111,1,1,0
-1,-1,-1,-1,-1,22521.740756176223,9267.944661074922,426.582707002039,16711.601583480122,5391.631694478288,603.0095177221228,363.42223429288066,74.50555524305673,446.4987261425413,390.4971277287623,3950.3269225587137,3236.188467274699,2305.916463594185,3633.5322659034027,3216.792216628499,12.0,8.904761904761905,7.0,11.0,8.0,-1,-1,-1,-1,-1,5880.0,4363.333333333333,3430.0,5390.0,3920.0,1111,1,1,0
-1,-1,-1,-1,-1,22521.740756176223,7222.469390219154,426.582707002039,13873.34649205394,2077.8558563191327,603.0095177221228,360.9647547651783,53.02342704491457,443.49302742081636,391.069745105342,4833.113612152345,4082.3394884157083,3145.4860048394185,4467.625496369801,4097.819829179964,14.0,11.30952380952381,9.0,13.0,11.0,-1,-1,-1,-1,-1,6860.0,5541.666666666667,4410.0,6370.0,5390.0,11111,1,1,0
-1,-1,-1,-1,-1,5589.729731018039,2898.224160523476,103.83710934858289,5239.16550683447,2217.9478672409314,603.0095177221228,350.27576732978304,53.02342704491457,436.8070035208366,361.4136170785059,10529.14769860264,9255.203938480367,7972.9401325543295,9878.89526493616,9168.921406739733,29.0,26.5,24.0,28.0,26.0,-1,-1,-1,-1,-1,14210.0,12985.0,11760.0,13720.0,12740.0,111111,1,1,0
-1,-1,-1,-1,-1,5589.729731018039,2643.461438141798,103.83710934858289,4241.663797441513,1873.2711345682328,603.0095177221228,354.53227636954307,53.02342704491457,437.8641791241753,368.86685713812767,11382.585889746842,10153.03718285228,8884.080396827485,10742.774480621669,10065.809919688589,31.0,28.714285714285715,27.0,30.0,29.0,-1,-1,-1,-1,-1,15190.0,14070.0,13230.0,14700.0,14210.0,1111111,1,1,0
-1,-1,-1,-1,-1,5589.729731018039,2402.827837950177,103.83710934858289,3737.393361313447,1644.1240303647064,603.0095177221228,352.88344932977515,41.59291105103739,436.86456954927417,366.15499104445735,12251.273336174374,11010.717283898091,9871.294150557573,11693.928540861634,10783.136710483952,33.0,31.285714285714285,29.0,32.0,32.0,-1,-1,-1,-1,-1,16170.0,15330.0,14210.0,15680.0,15680.0,11111111,1,1,0
-1,-1,-1,-1,-1,2746.763271472521,1511.823138047354,59.77172388990203,2408.8083531864436,1240.1304521744605,603.0095177221228,344.09772462029713,16.092387201127472,425.58843353750854,353.3743552493688,17762.382374357898,15932.03850958636,14232.281296057568,17236.517192867483,15626.233434829228,48.0,46.476190476190474,44.0,47.25,47.0,-1,-1,-1,-1,-1,23520.0,22773.333333333332,21560.0,23152.5,23030.0,111111111,1,1,0
-1,-1,-1,-1,-1,2691.1921940718894,1501.6778398332242,0.0,2388.607126446135,1201.4706402491574,630.6572417228599,354.1248860060899,0.0,435.44936968860566,350.28936496935785,18657.857473427663,16402.29172932596,14385.177057126653,18009.792430970017,16139.559731807232,48.0,46.476190476190474,44.0,47.25,47.0,-1,-1,-1,-1,-1,23520.0,22773.333333333332,21560.0,23152.5,23030.0,1111111111,1,1,0
-1,-1,-1,-1,-1,2691.1921940718894,1405.5767473442006,0.0,2376.955938461586,1161.8456722149276,630.6572417228599,346.9761896845067,0.0,434.7750303884386,345.3342292169691,19763.05400804471,17020.101410135198,14570.684806578269,19023.404750543043,16774.66474737473,51.0,49.214285714285715,47.0,50.0,49.0,-1,-1,-1,-1,-1,24990.0,24115.0,23030.0,24500.0,24010.0,11111111111,1,1,0
-1,-1,-1,-1,-1,2800.3206817437895,1228.9062169984345,0.0,2074.536240833215,1047.60868024519,630.6572417228599,330.1212013976943,0.0,426.5813706150584,338.21808969587437,21728.581238644954,18206.03205417889,14927.76929922204,21313.637328026998,18072.506270370843,58.0,55.333333333333336,53.0,56.0,55.5,-1,-1,-1,-1,-1,28420.0,27113.333333333332,25970.0,27440.0,27195.0,111111111111,1,1,0
-1,-1,-1,-1,-1,2811.832292640931,1027.990690996169,0.0,1785.705731826114,726.0727987806895,630.6572417228599,311.1662659776415,0.0,420.5498788316472,325.57693989161635,25265.375317847764,19987.14961835623,15256.784236509237,24399.622917287634,19685.056846643343,67.0,64.42857142857143,61.0,65.0,64.0,-1,-1,-1,-1,-1,32830.0,31570.0,29890.0,31850.0,31360.0,1111111111111,1,1,0
-1,-1,-1,-1,-1,2811.832292640931,1027.9218452861437,0.0,1788.4558429173703,726.0727987806895,630.6572417228599,311.23511168767016,0.0,420.62429038981463,325.95539360777184,25276.365641434444,19991.585249102227,15254.890473598498,24403.804981368245,19689.456790303026,67.0,64.42857142857143,61.0,65.0,64.0,-1,-1,-1,-1,-1,32830.0,31570.0,29890.0,31850.0,31360.0,11111111111111,1,1,0
-1,-1,-1,-1,-1,35553.087545264105,5693.417598044742,30.964558619074523,2544.8044416827033,1487.652385226218,856.4222542207572,282.3723056265768,15.384615384609788,433.62971459154505,305.17488459065135,7311.622252249974,4073.1428335006403,419.7401001383528,6507.6720979062375,3893.4156570825,24.0,14.428571428571427,8.0,18.0,13.5,-1,-1,-1,-1,-1,5256.933848421509,2171.7257562650193,0.0,3214.5293092923057,1938.369690140537,1,0,0,1
-1,-1,-1,-1,-1,28867.139088472934,3378.772347190333,23.266650967940222,2163.5612214663415,1223.2641117479507,856.4222542207572,279.1354120266598,6.764569026068784,437.10162942198804,287.0746459021466,11775.743655748898,6578.53427865987,1150.7242039369607,10709.074608334675,6387.040781433985,39.0,23.571428571428573,14.0,29.0,21.5,-1,-1,-1,-1,-1,8294.283788727193,3645.3273303471146,0.0,5044.738078012511,3836.0982098134,11,0,0,1
-1,-1,-1,-1,-1,25549.393441794324,2866.146994063766,6.385672148724552,2078.934898151376,1257.4619020407263,856.4222542207572,285.57509612319654,6.764569026068784,443.3615735659514,323.9853809704364,14219.153366150393,7811.432553401765,1196.878050090812,12806.165253602667,7432.404526554863,44.0,27.357142857142854,16.0,35.0,24.5,-1,-1,-1,-1,-1,10375.421709100898,4318.22715705144,0.0,6373.141079307403,4008.0018471945555,111,0,0,1
-1,-1,-1,-1,-1,23104.537664917123,2512.7215849821873,6.385672148724552,2006.4799145836878,1284.321828286411,856.4222542207572,281.5135088641212,6.764569026068784,448.4332774373652,318.0413012688805,15515.987153584196,8685.61641155289,1243.0318962446631,14257.003004745977,8595.316061948426,50.0,30.857142857142854,18.0,40.0,27.5,-1,-1,-1,-1,-1,10638.05255914175,4748.149863786168,0.0,7016.7112130484575,4765.27730732007,1111,0,0,1
-1,-1,-1,-1,-1,11614.389997658553,1869.9624212765448,6.385672148724552,2338.048798092408,1441.8550983458408,885.1827640056727,285.59036540489774,6.764569026068784,447.78751501093575,322.3630593642192,20335.52054197213,11422.528468513077,2856.633012480903,18710.312333178066,11093.681308670493,63.0,40.0,25.0,50.0,36.0,-1,-1,-1,-1,-1,13942.99557673754,6203.647130482595,0.0,9056.530224871309,6388.646221094661,11111,0,0,1
-1,-1,-1,-1,-1,11614.389997658553,1838.1676284523562,0.743242435855791,2236.096389128652,1302.2361691101396,885.1827640056727,290.7733954305504,6.764569026068784,446.6681671500555,318.03724174254603,20808.408281362324,11775.236367254447,2856.633012480903,19538.553885589485,11299.183617580522,65.0,40.5,25.0,52.0,38.5,-1,-1,-1,-1,-1,13394.389352730564,6453.227335631966,0.0,9412.224448718665,6485.566641608453,111111,0,0,1
-1,-1,-1,-1,-1,8112.20354678703,1618.5433042101529,0.508926832175348,1888.9185059185547,1223.5358227894467,856.4222542207572,276.44815660869523,6.764569026068784,442.43467889791646,271.15422666384256,23429.27639048011,12577.304978012915,1574.620039087598,21343.466067509158,12428.574706801854,74.0,45.5,30.0,58.0,43.0,-1,-1,-1,-1,-1,13673.747141741002,7502.618279465331,8.333333333319752,10050.258315603634,7454.752473303021,1111111,0,0,1
-1,-1,-1,-1,-1,8112.20354678703,1506.629848970357,0.508926832175348,1879.6405554438097,1218.8200252313982,851.6990271315735,274.6163267007576,2.0199551380355842,444.9457260131021,265.24259046753286,24257.153514689126,13277.654526489407,1825.5837282781808,22285.231093476992,13094.022848928784,78.0,48.357142857142854,32.0,61.0,46.0,-1,-1,-1,-1,-1,14812.880119829479,7872.625513916456,8.333333333319752,10670.43945420548,8414.25675014485,11111111,0,0,1
-1,-1,-1,-1,-1,6274.826749470667,1322.1928867358913,0.508926832175348,1857.1428571428696,1195.1614451397181,851.6990271315735,264.52245659219136,2.0199551380355842,439.1536005949456,249.44986442939262,27224.387668366136,14357.784086036032,1848.660651355081,24477.310132690764,14242.658445742985,84.0,54.285714285714285,36.0,69.0,51.0,-1,-1,-1,-1,-1,17182.983907497077,8837.990486739898,392.86368155060325,11928.357968199454,8713.036426303868,111111111,0,0,1
-1,-1,-1,-1,-1,5839.737317059422,1280.9685188271096,0.508926832175348,1857.1428571428696,1223.5358227894467,851.6990271315735,266.9793219515885,3.4642820792505518,439.45922481280286,256.01585431359126,27767.873648946465,14853.485856766005,1518.5980340881374,25765.579343765858,14650.566930562782,92.0,55.642857142857146,37.0,71.0,52.5,-1,-1,-1,-1,-1,17741.35197688842,8996.914271562684,392.86368155060325,12606.433111064438,9025.705516512204,1111111111,0,0,1
-1,-1,-1,-1,-1,5591.781403892965,1235.756195136569,0.508926832175348,1857.1428571428587,1074.205144649648,851.6990271315735,252.94919741479265,2.085160664282739,433.07840238243807,230.74979794460523,26387.546574092237,14632.911435744345,1492.776798414126,25398.82537015024,14527.288454170659,96.0,57.857142857142854,38.0,73.0,53.5,-1,-1,-1,-1,-1,17161.02665709736,8986.699565913634,674.239287706139,12161.5197694874,9019.604375837833,11111111111,0,0,1
-1,-1,-1,-1,-1,5591.781403892965,1232.7983172074353,0.508926832175348,1857.1428571428587,1072.5681295067188,851.6990271315735,252.28139389500504,2.085160664282739,433.60716614378634,230.74979794460523,26514.761151661805,14627.917847096653,1500.2251736106793,24873.334245788225,14625.18218439343,96.0,58.0,38.0,73.0,55.0,-1,-1,-1,-1,-1,17161.02665709736,8945.543226447435,874.1451314746638,12184.062380088979,9016.423494268021,111111111111,0,0,1
-1,-1,-1,-1,-1,5591.781403892965,1138.5179611761728,0.508926832175348,1857.1428571428405,905.702389856131,851.6990271315735,245.68611962125922,2.085160664282739,414.93128267888096,229.6543336454779,27347.09194147383,15292.591750332831,1795.3676527611512,25453.21447277491,15467.831063354231,97.0,62.357142857142854,41.0,79.0,60.5,-1,-1,-1,-1,-1,19545.186273443913,9885.586713262099,1542.4507397709383,12469.847905001887,10005.592061777377,1111111111111,0,0,1
-1,-1,-1,-1,-1,3545.4545454545455,1070.5739339792353,0.508926832175348,1857.1428571428405,848.4899708688026,819.1436279230402,251.5378412244379,2.085160664282739,433.07840238243807,238.86915299906104,30892.362168503343,16394.13492531688,1633.0102791489824,27252.697765008925,16648.373464590884,102.0,65.28571428571429,43.0,84.0,62.0,-1,-1,-1,-1,-1,21751.056197636528,10749.811904922513,1542.4507397709383,14270.918291091015,10527.408553782701,11111111111111,0,0,1
-1,-1,-1,-1,-1,3545.4545454545455,1044.2155190897745,0.3368187973392196,1857.1428571428405,828.6737717847573,819.1436279230402,250.97222210652106,2.085160664282739,431.9735611168435,237.14679040806368,31464.297145737626,16697.813235763453,1633.0102791489824,27916.24271738503,17026.6351748506,110.0,66.64285714285714,44.0,85.0,63.0,-1,-1,-1,-1,-1,22055.90987701174,10940.591672960685,1940.2418086787286,14925.981452700998,10534.313343388028,111111111111111,0,0,1
-1,-1,-1,-1,-1,3545.4545454545455,1053.5454948676577,0.3368187973392196,1857.1428571428405,849.752748633684,819.1436279230402,251.43308238521027,0.25340845124446787,430.8725195186562,241.11543949699262,29984.926983546,16602.809740286084,2929.826184424928,27583.040470542765,16811.232683266833,104.0,66.14285714285714,44.0,86.0,63.0,-1,-1,-1,-1,-1,20372.744154424476,11270.45392078286,2710.119723028164,14587.866775170738,10511.163731647695,1111111111111111,0,0,1
-1,-1,-1,-1,-1,3545.4545454545455,1037.7509922297506,0.3368187973392196,1857.1428571428405,837.2850028393441,825.6743789563188,250.5327631392821,0.25340845124446787,426.9987847645243,225.38213992485998,30058.37759679713,16758.002421424986,2929.826184424928,28750.182038718485,16752.610489960964,107.0,67.0,44.0,87.0,63.0,-1,-1,-1,-1,-1,20354.57556826094,11243.485361390334,3006.912121765113,14095.213507058972,10647.45752541198,11111111111111111,0,0,1
-1,-1,-1,-1,-1,3545.4545454545455,1010.5220867485618,0.3368187973392196,1857.1428571428405,804.414109002013,825.6743789563188,248.2470912160689,0.25340845124446787,420.54400646350405,221.79607383949042,30856.045402831223,16975.99641660637,2929.826184424928,28261.885999039485,16904.852339133417,114.0,68.57142857142857,45.0,89.0,63.5,-1,-1,-1,-1,-1,22423.10070568038,11166.776335921897,2510.5763209907036,14196.831121495028,10768.54596402236,111111111111111111,0,0,1
-1,-1,-1,-1,-1,3545.4545454545455,1002.7651207853079,0.3368187973392196,1857.1428571428405,780.9826258139219,825.6743789563188,240.34787851418398,0.25340845124446787,410.6594623633864,206.57859794652904,30253.56756350497,16647.27941343839,2225.15208081773,28344.448836349417,16680.272083674703,115.0,69.5,45.0,91.0,63.5,-1,-1,-1,-1,-1,21620.5537116319,11253.309741797508,2493.8196336699366,14577.700207468746,10728.396499158098,1111111111111111111,0,0,1
-1,-1,-1,-1,-1,3545.4545454545455,1006.5395286698383,0.3368187973392196,1857.1428571428405,791.4621866766829,825.6743789563188,240.41815000893862,0.3665785914117805,410.6594623633864,211.2548538663541,30245.810074909125,16600.64510732199,2222.40623004573,27556.535345648328,16747.930084750005,115.0,69.28571428571429,45.0,91.0,63.5,-1,-1,-1,-1,-1,22571.78635429161,11201.34242969239,1489.2195385954267,14261.456524749929,10677.201131425478,11111111111111111111,0,0,1
-1,-1,-1,-1,-1,3545.4545454545455,986.798978530608,0.3368187973392196,1857.1428571428405,739.7206789628253,825.6743789563188,231.2764981243923,0.3665785914117805,400.9714436137874,191.53113315312658,29117.20720237505,16347.213473668715,3860.15655249236,27675.474813870227,16266.74559886611,119.0,70.92857142857143,47.0,89.0,66.0,-1,-1,-1,-1,-1,20766.700153701786,11421.231269200742,2985.54134444651,14390.90736561708,10794.290440219389,111111111111111111111,0,0,1
-1,-1,-1,-1,-1,3545.4545454545455,990.7825759388911,0.3368187973392196,1857.1428571428405,763.4872226714215,825.6743789563188,232.21939404938783,0.3665785914117805,405.44218140043085,188.9675495463307,29286.653011928953,16347.74333633456,3423.7028459302264,28406.670167220058,15666.11626876914,122.0,70.64285714285714,45.0,95.0,63.0,-1,-1,-1,-1,-1,21119.620097582963,11506.2668761143,3035.805408740307,14626.691714662782,11201.23166633909,1111111111111111111111,0,0,1
-1,-1,-1,-1,-1,34697.849552691856,3871.623013358383,28.278232054959517,1496.3813521162083,772.5292926116381,870.3212218343979,262.313837811501,1.1054434372636024,420.8250722202356,256.2163774495493,9041.052610578408,5470.031040957031,2529.743939996988,8538.020740025939,4690.754381749697,26.0,20.857142857142858,16.0,25.0,20.0,-1,-1,-1,-1,-1,4528.459226854291,2005.6780483509115,0.0,2738.725542523063,1860.321472719526,1,0,1,1
-1,-1,-1,-1,-1,28223.46375847049,2216.5135423417105,0.0025124193634837866,1212.232700330198,638.8542111882925,870.3212218343979,257.07162270256345,0.8760161146346945,421.4763211773825,251.51266221161586,15379.83210880742,8959.69612937803,3212.072062140098,13566.393182003347,7947.03855982826,43.0,34.857142857142854,28.0,41.0,32.0,-1,-1,-1,-1,-1,7899.818557556904,3289.7379400895047,0.0,4483.76430308374,3228.2165736480165,11,0,1,1
-1,-1,-1,-1,-1,24761.993413770455,1842.5357185604707,0.0025124193634837866,1222.9924007064546,616.335288596194,870.3212218343979,260.44260990922857,0.8760161146346945,433.07840238243807,256.1566472200702,18325.806674553467,10677.060858595505,4243.564377553703,16307.555579178355,9343.21280002944,49.0,41.0,32.0,48.0,39.0,-1,-1,-1,-1,-1,8211.884484798635,3893.1972688082656,0.0,5305.144128618343,3686.8871349587744,111,0,1,1
-1,-1,-1,-1,-1,22479.919791477907,1581.8307102197502,0.0025124193634837866,1188.2460697026545,605.8870104951202,870.3212218343979,258.27532719123735,0.2695330018759705,436.3226288770602,257.27104460672854,20958.46620734647,12100.957754992285,4406.417658395192,18371.061323077534,10691.459627276468,57.0,46.857142857142854,36.0,55.0,47.0,-1,-1,-1,-1,-1,10185.115019356224,4394.53343551392,0.0,6177.080484081578,4265.221693665886,1111,0,1,1
-1,-1,-1,-1,-1,10585.1144527992,1184.0984327204544,0.0025124193634837866,1359.541647586222,642.4717202949723,885.1827640056727,259.81252486519884,0.2695330018759705,435.0773566714197,257.3072571626981,26425.373715137874,15513.433194267584,5663.668356923037,23644.87796671287,13733.176531227502,72.0,59.714285714285715,47.0,70.0,58.0,-1,-1,-1,-1,-1,12395.099226635764,5645.774429914864,0.0,7904.181049620835,5408.732839710459,11111,0,1,1
-1,-1,-1,-1,-1,10284.964470353676,1070.4258237697165,0.0025124193634837866,1171.340496755438,564.965542047139,885.1827640056727,253.15922068380283,0.2846407510805875,427.5444967448602,245.98587406770093,29964.663704780774,16490.42879971904,5636.861628337938,25869.009988227917,14890.992967758975,81.0,65.14285714285714,50.0,76.0,62.0,-1,-1,-1,-1,-1,12402.701610429236,5890.67984306269,577.1128342474461,8126.803538152228,5839.1932365695775,111111,0,1,1
-1,-1,-1,-1,-1,6821.474594504223,874.9387795161336,0.0025124193634837866,945.323350030133,521.43360710649,885.1827640056727,251.09625830253077,0.2846407510805875,422.94370070501463,239.9719303068996,34791.782738175774,19225.713059482616,6363.981604327797,30325.458059173223,17460.188374488083,94.0,76.57142857142857,60.0,87.0,77.0,-1,-1,-1,-1,-1,13597.752380295742,7032.68180873866,739.2599819292782,8926.944152522723,7101.122723869706,1111111,0,1,1
-1,-1,-1,-1,-1,6821.474594504223,810.7325524059595,0.0025124193634837866,947.9751195926001,518.6868737080986,885.1827640056727,251.7945904469174,0.2846407510805875,428.62365777407103,242.4473883312603,37262.2205375183,20401.576190768523,6461.10937047872,32393.582379344472,18644.261106425063,101.0,81.14285714285714,64.0,90.0,81.0,-1,-1,-1,-1,-1,13189.629847629722,7456.643555767103,739.2599820222475,9871.818863115564,7406.4440264477535,11111111,0,1,1
-1,-1,-1,-1,-1,5142.886912010697,686.1194227324062,0.0025124193634837866,890.0313377658313,501.54792502650525,885.1827640056727,243.79647424823935,0.2846407510805875,420.71690147242043,234.0409801007554,40307.43349647007,22573.659678376265,7449.156721963314,35895.59319260271,20683.13515276418,114.0,92.71428571428571,73.0,105.0,92.0,-1,-1,-1,-1,-1,14918.986938111719,8354.353353542196,1200.8572675412986,10867.36044571791,8287.626344426415,111111111,0,1,1
-1,-1,-1,-1,-1,5084.111871456087,648.6141532927726,0.0025124193634837866,884.2524434673251,489.25531464917003,885.1827640056727,242.7746910241487,0.17355024901917204,420.005554760166,231.23598165958538,41812.233693342925,23454.50464296508,8343.738854787021,37216.39364050736,21214.48965910492,125.0,96.71428571428571,73.0,109.0,95.0,-1,-1,-1,-1,-1,15964.592014805334,8572.64209531357,1698.005676638032,11188.54370955343,8505.096039008007,1111111111,0,1,1
-1,-1,-1,-1,-1,5084.078449340479,571.8790451791339,0.0025124193634837866,750.0448556642405,398.28865395250614,885.1827640056727,213.88950638669462,0.1579753045225516,389.122073032715,167.89299818556174,41858.54565688826,23441.45822605505,8341.140627702698,37303.38261726359,21437.12202397031,132.0,109.71428571428571,90.0,117.0,111.0,-1,-1,-1,-1,-1,15219.153103702218,8609.174338704264,1495.9332613687723,11358.475658866279,8410.358255138297,11111111111,0,1,1
-1,-1,-1,-1,-1,5084.078449340479,565.0887694842094,0.0,733.7677538473072,394.75933624185564,885.1827640056727,212.60056856585038,0.0,389.2732344487995,166.55251356454391,41998.138592237534,23540.618827941085,8343.675967275281,37397.42421195039,21489.68048921813,135.0,110.85714285714286,90.0,117.0,112.0,-1,-1,-1,-1,-1,15221.601003604796,8611.766299085975,1896.680803195608,11386.904398736677,8468.80392757499,111111111111,0,1,1
-1,-1,-1,-1,-1,5084.078449340479,490.9079872841581,0.0,663.56488550629,357.85743664982147,885.1827640056727,207.44111976147457,0.0,379.67809541413226,155.0386599677638,46144.37465636549,25564.511703747874,8164.937806855829,41470.56156978157,23570.730637086654,152.0,123.71428571428571,103.0,126.0,122.0,-1,-1,-1,-1,-1,17210.141323985186,9456.696763156457,2737.4168789100813,12085.266870790045,9730.412108996825,1111111111111,0,1,1
-1,-1,-1,-1,-1,3080.1602318143705,452.8638710547374,0.0,639.3215047098056,356.72430755081587,885.1827640056727,210.98939645515827,0.0,392.46859341219533,159.42236325438716,48986.171591803744,27359.84462620708,8789.512823922385,45309.354003916436,25119.27416947942,159.0,130.14285714285714,108.0,135.0,129.0,-1,-1,-1,-1,-1,19261.53936027427,10105.830765454131,2737.9722944394316,12457.756778076939,10103.290217890477,11111111111111,0,1,1
-1,-1,-1,-1,-1,2173.1265297009377,436.5839657525318,0.0,620.2773953502183,345.1239990754693,885.1827640056727,208.8486134379806,0.0,390.5271753187408,155.19539066325524,50060.59431643551,27856.96042916917,8891.81256311934,46617.43433262856,25381.42240290203,166.0,133.85714285714286,110.0,141.0,131.0,-1,-1,-1,-1,-1,18995.271878633557,10199.473036488109,2780.119038407527,12651.662232580757,10119.198330610274,111111111111111,0,1,1
-1,-1,-1,-1,-1,2173.1265297009377,420.61039263816104,0.0,606.5024125933269,323.4130075904832,885.1827640056727,205.4458461832762,0.0,377.7205215519689,146.02261533850105,51424.09458378613,28252.608517977656,8874.726425859611,46910.64888495678,25957.53507610735,174.0,138.0,110.0,146.0,137.0,-1,-1,-1,-1,-1,19371.816124127683,10536.289399821193,3509.180521295312,12842.255310368328,10212.953511619438,1111111111111111,0,1,1
-1,-1,-1,-1,-1,2173.1265297009377,414.7251015997217,0.0,601.5927477044606,310.76820823317394,885.1827640056727,204.91662657805992,0.0,374.3912701546651,142.43505505744542,52121.900447641645,28472.314250426367,8829.991831847408,47329.77513585362,26151.541303354395,178.0,139.42857142857142,110.0,149.0,138.0,-1,-1,-1,-1,-1,19512.698419034627,10498.477272849439,3509.1540534996057,13265.257531204952,10210.284085428617,11111111111111111,0,1,1
-1,-1,-1,-1,-1,2173.1265297009377,408.8544353555495,0.0,593.44933948373,303.2492877665327,885.1827640056727,204.50289395633044,0.0,373.2657964866812,141.8627915988036,52359.91266868618,28712.10706443123,8810.855968154967,47699.29202953505,26444.840081204624,180.0,140.85714285714286,111.0,149.0,141.0,-1,-1,-1,-1,-1,19811.357387861855,10524.105197160285,3509.1540535002455,13299.692982122127,10039.364297767319,111111111111111111,0,1,1
-1,-1,-1,-1,-1,2173.1265297009377,374.05534175398356,0.0,537.0416444340299,276.2444124471522,885.1827640056727,194.33804634421833,0.0,357.0373230311234,129.16813220625772,54754.52757876637,29452.405051211987,8448.922158572299,48565.468623381894,27546.191203590333,193.0,152.0,120.0,160.0,151.0,-1,-1,-1,-1,-1,20262.137809830365,10805.492877355275,4477.857545335069,13470.818238896503,10386.961615733395,1111111111111111111,0,1,1
-1,-1,-1,-1,-1,2173.1265297009377,370.4945451451084,0.0,530.5062089282437,274.01009849715047,885.1827640056727,192.08272456326543,0.0,349.9723607127089,126.43252458031566,54659.349921805595,29411.440421962827,8311.9397921231,48563.8305713771,27487.97221006609,195.0,153.57142857142858,120.0,162.0,152.0,-1,-1,-1,-1,-1,20170.702670564744,10760.462288769784,4354.395853513386,13215.265419555311,10438.773206526346,11111111111111111111,0,1,1
-1,-1,-1,-1,-1,2173.1265297009377,345.99397918353236,0.0,500.9894625528468,261.97989177217823,885.1827640056727,187.3133973036744,0.0,335.5451888945463,118.2648696056931,56432.17766434628,30257.792370085506,8101.618943068199,51252.481513887324,28534.510153633528,206.0,162.0,126.0,171.0,159.0,-1,-1,-1,-1,-1,21053.320166256814,11317.163630095141,4907.351338267655,14213.93282045902,11043.629018042571,111111111111111111111,0,1,1
-1,-1,-1,-1,-1,1956.2942171386676,334.2183992500389,0.0,479.0781792225316,248.12835566909052,885.1827640056727,186.6864801095499,0.0,328.6672904648585,114.94248123223508,58203.983353368276,30876.308207917966,8047.032744913595,52487.21407505311,29240.24516555546,216.0,165.85714285714286,126.0,177.0,162.0,-1,-1,-1,-1,-1,21287.424522034653,11427.897214218157,4645.293023241184,14641.397368414575,11310.704952048087,1111111111111111111111,0,1,1
-1,-1,-1,-1,-1,40561.502820959024,19329.049891048646,1857.142857142857,34956.16944921308,5413.8630342720135,466.734388781515,354.4104853897469,43.97346101899166,441.0262860355433,392.72519190295134,1724.750112243055,1476.3483065630046,1163.6558732311496,1572.130022037738,1511.1209856852656,6.0,4.166666666666667,3.0,4.0,4.0,-1,-1,-1,-1,-1,632.4083744891201,541.327712406435,426.67382018475485,576.4476747471706,554.0776947512641,1,0,0,0
-1,-1,-1,-1,-1,34017.25650766997,11494.515756947258,1039.3000540391076,27835.538752531545,5340.916040598582,466.734388781515,351.9876680188056,7.760172884038184,440.53572571785116,392.3289869048167,2891.979072954651,2463.5516269040318,2057.275721829311,2581.8829898280237,2462.971843536987,9.0,7.0,5.0,8.0,7.0,-1,-1,-1,-1,-1,1060.3923267500388,903.302263198145,754.334431337414,946.6904296036088,903.0896759635618,11,0,0,0
-1,-1,-1,-1,-1,28415.66281334254,9912.040188499299,1039.3000540391076,6668.745600683513,5306.331516997714,469.17808658929425,366.0323710333463,7.760172884038184,447.78751501093575,410.7565679277468,3325.641852417146,2962.757144851863,2616.5853201597056,3140.6705308035416,2971.0991288722144,11.0,8.095238095238095,7.0,8.0,8.0,-1,-1,-1,-1,-1,1219.4020125529535,1086.344286445683,959.4146173918921,1151.5791946279653,1089.4030139198119,111,0,0,0
-1,-1,-1,-1,-1,28254.398686057568,8842.30950954589,1039.3000540391076,6651.06129538922,5300.969911564112,485.4366364986636,374.6571552849456,7.760172884038184,450.7346751531295,423.02985414414434,3833.214594280813,3398.313573714399,2946.6355989667636,3539.753926977515,3411.6951804384516,11.0,9.071428571428571,7.0,10.0,9.0,-1,-1,-1,-1,-1,1405.5120179029648,1246.0483103619463,1080.43305295448,1297.9097732250889,1250.954899494099,1111,0,0,0
-1,-1,-1,-1,-1,16866.18729988829,6903.252964297297,1039.3000540391076,10528.777255819761,5332.777267809783,485.4366364986636,371.0799498334312,7.760172884038184,448.8728900763963,417.6068154475288,4852.056277699943,4346.574505964016,3723.64599440668,4513.223216233017,4367.87351476094,15.0,11.714285714285714,9.0,12.25,12.0,-1,-1,-1,-1,-1,1779.0873018233124,1593.743985520139,1365.3368646157826,1654.848512618773,1601.5536220790113,11111,0,0,0
-1,-1,-1,-1,-1,16816.058292575588,6833.452649322551,249.35573946480872,10528.573334961431,5317.3034662242135,737.9042987792054,396.79339866193067,6.317052056489047,455.8590614281711,425.72367219190346,5454.252626395522,4676.1315778594335,3870.870254246809,4960.640433662469,4622.9236501834575,15.0,11.785714285714286,9.0,13.0,12.0,-1,-1,-1,-1,-1,1999.8926296783582,1714.581578548459,1419.31909322383,1818.9014923429052,1695.0720050672676,111111,0,0,0
-1,-1,-1,-1,-1,15085.037747023562,5292.508824667213,249.35573946480872,6632.35815915563,5179.294970082265,737.9042987792054,378.3738249123653,6.317052056489047,451.5343325700669,413.8183580753757,6859.219423396833,5693.263125644176,4605.162168630923,6163.202372086629,5692.965498471996,19.0,15.047619047619047,12.0,16.0,15.0,-1,-1,-1,-1,-1,2515.047121912172,2087.529812736198,1688.5594618313382,2259.8408697650975,2087.420682773065,1111111,0,0,0
-1,-1,-1,-1,-1,15085.037747023562,5060.196985818352,249.35573946480872,5398.468243027455,5171.1065858252405,737.9042987792054,388.33927115308836,6.317052056489047,463.32741744144005,422.05590093701903,7141.219608454572,6092.555497240399,4892.402150124195,6526.056069142407,6168.300645673065,19.0,15.714285714285714,13.0,16.25,15.5,-1,-1,-1,-1,-1,2618.4471897666767,2233.937015654813,1793.8807883788716,2392.887225352216,2261.7102367467905,11111111,0,0,0
-1,-1,-1,-1,-1,12661.337584269611,4314.948946252402,249.35573946480872,5302.684746424973,4980.527910483233,737.9042987792054,379.6123195454425,6.317052056489047,456.10054794550524,412.24226708864444,8425.027584743919,6913.48687368732,5519.308606049337,7557.903264757262,6812.282962264728,22.0,18.238095238095237,14.0,20.0,18.0,-1,-1,-1,-1,-1,3089.1767810727697,2534.945187018684,2023.746488884757,2771.2311970776627,2497.837086163733,111111111,0,0,0
-1,-1,-1,-1,-1,12661.337584269611,4207.608487516468,249.35573946480872,5300.071230453308,4983.797527278017,737.9042987792054,384.62154594284254,6.317052056489047,459.4871275547048,417.94920112894215,8531.302748950955,7169.683427196359,5923.541258482845,7782.839637623551,7089.7603881221585,22.0,18.666666666666668,15.0,20.0,19.0,-1,-1,-1,-1,-1,3128.1443412820163,2628.8839233053313,2171.965128110376,2853.7078671286354,2599.5788089781245,1111111111,0,0,0
-1,-1,-1,-1,-1,9571.046596812492,3916.0026659181694,249.35573946480872,5252.8343331949,3887.6153426527308,732.527802663506,370.07869864385225,3.037719802814536,451.2720716159238,409.3237743267382,8896.273837257992,7391.655209140343,6377.954009965528,8008.42061948841,7160.564594087324,23.0,20.0,18.0,21.0,20.0,-1,-1,-1,-1,-1,3261.9670736612634,2710.2735766847923,2338.5831369873604,2936.420893812417,2625.5403511653517,11111111111,0,0,0
-1,-1,-1,-1,-1,9571.046596812492,3914.841341511327,249.35573946480872,5252.8343331949,3887.6153426527308,732.527802663506,371.34824802918206,3.037719802814536,451.9680768966318,411.92199780965166,8896.273837257992,7415.913698413489,6432.843030530494,8013.726017518209,7201.810288063703,23.0,20.0,18.0,21.0,20.0,-1,-1,-1,-1,-1,3261.9670736612634,2719.168356084946,2358.7091111945138,2938.3662064233436,2640.6637722900246,111111111111,0,0,0
-1,-1,-1,-1,-1,9238.794701745705,3524.4997868102473,249.35573946480872,5146.778715702196,3685.1203839897644,732.527802663506,364.540569250783,3.037719802814536,448.9167749612243,405.10106492928026,10049.331506851115,8056.031814834179,6429.551578084473,8913.823747144037,7740.558646623555,28.0,22.166666666666668,18.0,23.25,22.0,-1,-1,-1,-1,-1,3684.7548858454084,2953.8783321058654,2357.5022452976395,3268.40204061948,2838.2048370953034,1111111111111,0,0,0
-1,-1,-1,-1,-1,9041.609597448958,3230.2966516239194,249.35573946480872,4708.590922768359,3522.7724979578634,732.527802663506,365.23122473439116,3.037719802814536,447.6410171643365,406.53316347912187,10919.62548675535,8732.235941859246,6958.704873760289,9761.669429258975,8460.537460742311,30.0,23.976190476190474,18.0,25.25,24.0,-1,-1,-1,-1,-1,4003.8626784769613,3201.81984534839,2551.5251203787725,3579.2787907282905,3102.197068938848,11111111111111,0,0,0
-1,-1,-1,-1,-1,8303.429581216245,3155.15035709441,249.35573946480872,4326.298491505346,3450.0814508166513,732.527802663506,366.92801984413364,3.037719802814536,449.1617462116228,407.40548153751297,11163.10133794177,8956.382634531572,7127.240015016345,10013.346324202459,8557.772880743527,30.0,24.476190476190474,19.0,26.0,25.0,-1,-1,-1,-1,-1,4093.1371572453163,3284.00696599491,2613.3213388393265,3671.5603188742357,3137.8500562726276,111111111111111,0,0,0
-1,-1,-1,-1,-1,8303.429581216245,2821.2537999151546,249.35573946480872,3710.4380466529383,2626.607900107745,732.527802663506,365.9790975257098,3.037719802814536,447.9717982271686,406.5422719849739,12058.926702053112,9874.245739041979,8177.19302409068,10951.074051824286,9492.781403368659,32.0,27.047619047619047,23.0,28.25,27.0,-1,-1,-1,-1,-1,4421.606457419474,3620.5567709820584,2998.3041088332498,4015.3938190022377,3480.6865145685088,1111111111111111,0,0,0
-1,-1,-1,-1,-1,8235.09364049515,2856.4867525428194,249.35573946480872,3842.879875542538,2653.020323166478,732.527802663506,376.2780434329116,3.037719802814536,452.0909146057529,411.92199780965166,12272.077576341355,10009.463687986132,8242.2272566951,11156.237486759394,9677.430931258943,32.0,26.666666666666668,22.0,28.25,27.0,-1,-1,-1,-1,-1,4499.76177799183,3670.1366855949154,3022.149994121537,4090.6204118117766,3548.3913414616136,11111111111111111,0,0,0
-1,-1,-1,-1,-1,8235.09364049515,2844.2690968740117,249.35573946480872,3842.7442163501546,2650.729851174867,732.527802663506,377.0522763018632,3.037719802814536,454.06333468609955,414.1316300246035,12488.397794705088,10066.019638425021,8260.051050842769,11293.401670637028,9768.300146690104,32.0,26.761904761904763,22.0,28.25,27.0,-1,-1,-1,-1,-1,4579.079191391866,3690.873867422508,3028.685385309016,4140.913945900243,3581.7100537863716,111111111111111111,0,0,0
-1,-1,-1,-1,-1,8225.856834276876,2786.374619977962,180.68672244576737,3788.8363976238143,2624.0600064288737,732.527802663506,378.9190765744079,3.037719802814536,454.68499928437086,411.0940487005864,13041.203691457515,10290.509535693685,8068.44406124283,11381.79364573387,9955.379567183409,34.0,27.238095238095237,22.0,29.0,28.0,-1,-1,-1,-1,-1,4781.774686867754,3773.186829754351,2958.4294891223713,4173.324336769087,3650.305841300583,1111111111111111111,0,0,0
-1,-1,-1,-1,-1,8225.856834276876,2785.524174830187,180.68672244576737,3788.8363976238143,2611.2325878445117,732.527802663506,379.7695217221876,3.037719802814536,458.4020922153031,411.0940487005864,13041.203691457515,10313.674041623688,8107.8029572917,11433.333392365417,9978.806645825294,34.0,27.238095238095237,22.0,29.0,28.0,-1,-1,-1,-1,-1,4781.774686867754,3781.6804819286854,2972.8610843402903,4192.222243867321,3658.895770135942,11111111111111111111,0,0,0
-1,-1,-1,-1,-1,8225.856834276876,2543.6039726459903,180.68672244576737,3459.451939999897,2248.2473807379138,732.527802663506,374.28159452234974,3.037719802814536,454.9732913405169,406.54922709375387,13756.422563606771,11028.605611910669,8731.706136451627,12427.783313508604,10702.56785295444,37.0,29.547619047619047,23.0,32.0,30.0,-1,-1,-1,-1,-1,5044.021606655815,4043.8220577005786,3201.625583365596,4556.853881619823,3924.274879416628,111111111111111111111,0,0,0
-1,-1,-1,-1,-1,8225.856834276876,2573.702410747031,180.68672244576737,3492.5475333499926,2274.450488616825,732.527802663506,387.12832421283116,3.037719802814536,481.669322675094,421.92253696662374,14141.67385853862,11242.283747864389,8876.968845424883,12915.93323982273,10819.622978783662,37.0,29.11904761904762,22.0,32.0,29.5,-1,-1,-1,-1,-1,5185.280414797492,4122.170707550276,3254.88857665579,4735.842187935002,3967.1950922206756,1111111111111111111111,0,0,0
-1,-1,-1,-1,-1,40561.502820959024,19106.384297815977,786.2660053250072,34951.92258002923,5387.052949910634,466.734388781515,354.66409696774525,43.97346101899166,440.8141458306345,392.46859341219533,1724.750112243055,1494.2937879936046,1185.6158834162052,1572.130022037738,1528.375432442035,6.0,4.214285714285714,3.0,4.0,4.0,-1,-1,-1,-1,-1,632.4083744891201,547.9077222643217,434.72582391927523,576.4476747471706,560.4043252287461,1,0,1,0
-1,-1,-1,-1,-1,34017.25650766997,11177.086810834402,786.2660053250072,27784.470097275746,5334.2407551900405,466.734388781515,355.6019538676582,43.97346101899166,440.2298509207617,392.59689265757333,2963.8876573600573,2556.5853333446016,2076.5539616661845,2836.177968879376,2525.7196709817563,10.0,7.190476190476191,5.0,8.0,7.0,-1,-1,-1,-1,-1,1086.7588076986876,937.4146222263539,761.403119277601,1039.9319219224378,926.0972126933107,11,0,1,0
-1,-1,-1,-1,-1,28415.66281334254,9672.94898971051,786.2660053250072,6662.1617555944395,5301.164846494532,469.17808658929425,368.84603971793587,43.97346101899166,447.4048600037786,409.5874345961347,3352.5245044674957,3055.7908512924323,2673.221385656798,3235.633626644587,3098.334036325352,11.0,8.285714285714286,7.0,8.0,8.0,-1,-1,-1,-1,-1,1229.258984971415,1120.456645473892,980.1811747408259,1186.3989964363486,1136.0558133192958,111,0,1,0
-1,-1,-1,-1,-1,28254.398686057568,8650.41775698324,786.2660053250072,5416.191450525803,5298.474874743493,485.4366364986636,376.9968941749825,43.97346101899166,450.6197133656242,422.10561917492305,3905.6589249791577,3491.3472801549688,2967.9323543629725,3765.189322588536,3526.981567110109,12.0,9.261904761904763,7.0,10.0,9.5,-1,-1,-1,-1,-1,1432.0749391590246,1280.1606693901551,1088.2418632664235,1380.5694182824632,1293.2265746070398,1111,0,1,0
-1,-1,-1,-1,-1,16866.18729988829,6784.986085527532,786.2660053250072,10526.391450746974,5320.854113099955,485.4366364986636,372.9575019771042,43.97346101899166,448.62693523243433,417.0957181733247,4941.193678189244,4439.608212404585,3762.248646943597,4666.194208831621,4509.823101121074,16.0,11.904761904761905,9.0,13.0,12.0,-1,-1,-1,-1,-1,1811.7710153360558,1627.8563445483478,1379.4911705459856,1710.9378765715942,1653.601803744394,11111,0,1,0
-1,-1,-1,-1,-1,16816.058292575588,6541.764603975144,0.743242435855791,10517.71549471078,5299.061069673422,737.9042987792054,394.2272443820617,43.97346101899166,454.30873693164176,421.5943904876476,5516.549863929162,4843.001238894864,3870.870254246809,5157.48122318682,4853.772455799,16.0,12.285714285714286,9.0,14.0,12.0,-1,-1,-1,-1,-1,2022.7349501073597,1775.767120928117,1419.31909322383,1891.076448501834,1779.7165671263006,111111,0,1,0
-1,-1,-1,-1,-1,15085.037747023562,5036.021423176681,0.743242435855791,5682.701885218863,5163.806680345733,737.9042987792054,386.0630466180148,43.97346101899166,450.7790249325117,410.44982247101143,6920.561157481163,6075.534946355913,4929.053637369419,6602.572847734067,6059.883100842446,20.0,15.738095238095237,12.0,18.0,16.0,-1,-1,-1,-1,-1,2537.5390910764263,2227.696146997168,1807.3196670354537,2420.943377502491,2221.9571369755636,1111111,0,1,0
-1,-1,-1,-1,-1,15085.037747023562,4823.374004810806,0.743242435855791,5341.304368342797,5119.044595975196,737.9042987792054,395.83344018360685,63.87138503283495,462.16081345379644,420.30191523817484,7284.181910455052,6483.634576418181,5539.627353816759,6946.19625564431,6475.080948155213,20.0,16.404761904761905,14.0,18.0,16.0,-1,-1,-1,-1,-1,2670.8667005001857,2377.3326780199995,2031.1966963994778,2546.9386270695804,2374.1963476569117,11111111,0,1,0
-1,-1,-1,-1,-1,11039.928720235293,3992.7622943024458,0.743242435855791,5288.281657402709,3875.023737219366,737.9042987792054,387.30339339688425,30.1767218146706,454.1051837496343,411.36076465109363,8537.468318145751,7560.940426235725,6370.433267436747,8123.603501889505,7438.499745276349,23.0,19.547619047619047,16.0,21.25,20.0,-1,-1,-1,-1,-1,3130.405049986776,2772.344822953099,2335.8255313934733,2978.654617359485,2727.4499066013277,111111111,0,1,0
-1,-1,-1,-1,-1,11039.928720235293,3899.385220011499,0.743242435855791,5270.689005539636,3891.140495375148,737.9042987792054,391.80470398385086,30.1767218146706,456.8475339017459,417.4332507386862,8766.470001746551,7816.846632512126,6617.362613584264,8302.593011901597,7721.470147127169,24.0,19.976190476190474,16.0,22.0,20.0,-1,-1,-1,-1,-1,3214.3723339737357,2866.1770985877797,2426.3662916475632,3044.2841043639196,2831.2057206132954,1111111111,0,1,0
-1,-1,-1,-1,-1,9571.046596812492,3477.017714779436,0.743242435855791,5211.53831439346,3638.61043438621,732.527802663506,369.46556110955777,17.72444634124986,448.2508790590364,399.2950103812909,9636.616220647353,8223.885169562014,7044.066795330087,8615.273969612346,8165.411257412488,26.0,22.285714285714285,20.0,23.25,22.0,-1,-1,-1,-1,-1,3533.4259475706967,3015.424562172738,2582.824491621032,3158.93378885786,2993.984127717912,11111111111,0,1,0
-1,-1,-1,-1,-1,9571.046596812492,3472.2737640416235,0.0,5211.266941470152,3637.7612253080006,732.527802663506,370.2014282892494,0.0,448.92506620967106,400.4936798189301,9636.616220647353,8247.966316568576,7098.955815895053,8673.93249298985,8165.411257412488,26.0,22.30952380952381,20.0,23.25,22.0,-1,-1,-1,-1,-1,3533.4259475706967,3024.2543160751443,2602.9504658281858,3180.441914096278,2993.984127717912,111111111111,0,1,0
-1,-1,-1,-1,-1,9333.231880037521,3043.54476164885,0.0,4829.40100895951,3384.485676723514,732.527802663506,363.5856737584722,0.0,445.7140236465784,393.4234741446344,10868.24983559904,9177.562796566968,7711.332241733209,9615.424167271922,9160.742179297084,31.0,25.30952380952381,22.0,27.0,24.5,-1,-1,-1,-1,-1,3985.0249397196485,3365.106358741222,2827.4884886355094,3525.6555279997046,3358.9387990755986,1111111111111,0,1,0
-1,-1,-1,-1,-1,9130.034709858824,2812.271992008498,0.0,3971.9059050412616,3160.9593961563296,732.527802663506,367.5169920459224,0.0,444.9172639059543,401.8417602943955,11754.537822143582,9942.09333787767,8171.5386594083975,10480.757347603925,9988.465571993998,33.0,27.11904761904762,23.0,29.0,26.5,-1,-1,-1,-1,-1,4309.9972014526475,3645.4342238884788,2996.2308417830795,3842.9443607881058,3662.437376397799,11111111111111,0,1,0
-1,-1,-1,-1,-1,8303.429581216245,2753.232686948215,0.0,3903.617239293688,3120.9227961348515,732.527802663506,368.99115170521907,0.0,446.37358478820533,402.2868492454727,12023.408878133108,10166.566719728828,8319.883633906895,10682.516603142732,10207.93318310046,33.0,27.61904761904762,24.0,29.0,27.5,-1,-1,-1,-1,-1,4408.583255315474,3727.741130567237,3050.623999099195,3916.9227544856685,3742.908833803502,111111111111111,0,1,0
-1,-1,-1,-1,-1,8303.429581216245,2479.9713933931844,0.0,3552.712374240771,2277.310001503778,732.527802663506,367.3396544354197,0.0,445.29504544564406,400.3881420871912,12919.234242244449,11100.526349819302,9426.553829443816,11584.546625390307,11125.234538678174,35.0,30.285714285714285,27.0,32.25,30.0,-1,-1,-1,-1,-1,4737.052555489631,4070.1929949337436,3456.403070796066,4247.667095976445,4079.2526641819973,1111111111111111,0,1,0
-1,-1,-1,-1,-1,8272.209608578647,2474.8021338015874,0.0,3522.706743860719,2277.310001503778,732.527802663506,372.50891402701643,0.0,448.2797576724988,405.64008545246907,13121.45008075278,11257.081068879079,9546.052889706509,11831.829564734682,11238.118262932969,35.0,30.285714285714285,27.0,32.25,30.0,-1,-1,-1,-1,-1,4811.198362942686,4127.596391922329,3500.219392892387,4338.337507069384,4120.643363075423,11111111111111111,0,1,0
-1,-1,-1,-1,-1,8272.209608578647,2458.7144890265645,0.0,3521.8125170331914,2257.5646379186073,732.527802663506,373.0668282485296,0.0,448.78550795015326,405.63569396478124,13347.847333129554,11336.155704295858,9546.052889706509,11904.63483477912,11363.669456716734,35.0,30.452380952380953,27.0,33.0,30.0,-1,-1,-1,-1,-1,4894.21068881417,4156.5904249084815,3500.2193928923875,4365.032772752344,4166.678800796137,111111111111111111,0,1,0
-1,-1,-1,-1,-1,6663.801822699062,2321.8909762275002,0.0,3492.4999884492754,2206.059075079309,732.527802663506,373.1827367197297,0.0,448.4748106026491,400.22893157701765,13995.514119780273,11911.323215460205,9740.86554079823,12687.68895154236,11939.408146842878,37.0,32.0,28.0,34.0,32.0,-1,-1,-1,-1,-1,5131.6885105861,4367.485179002075,3571.650698292683,4652.152615565532,4377.782987175722,1111111111111111111,0,1,0
-1,-1,-1,-1,-1,6663.801822699062,2321.1670854171875,0.0,3492.4999884492754,2206.059075079309,732.527802663506,373.9066275300417,0.0,450.13998857750994,400.22893157701765,13995.514119780273,11934.487721390207,9766.041851693939,12728.702792736134,11951.668496422702,37.0,32.0,28.0,34.0,32.0,-1,-1,-1,-1,-1,5131.6885105861,4375.978831176409,3580.8820122877764,4667.191024003249,4382.278448688325,11111111111111111111,0,1,0
-1,-1,-1,-1,-1,5534.930918005877,2101.6907396352103,0.0,3336.0563058822117,1784.7789603291749,732.527802663506,369.09989488121226,0.0,447.5219550013426,395.64504207457867,14877.673744117143,12852.819590330217,10810.754865465977,13744.190610095737,12710.529294774937,40.0,34.904761904761905,31.0,36.25,35.0,-1,-1,-1,-1,-1,5455.147039509619,4712.7005164544125,3963.9434506708594,5039.536557035104,4660.527408084143,111111111111111111111,0,1,0
-1,-1,-1,-1,-1,5534.930918005877,2088.166438408303,0.0,3336.8952327971856,1687.1605716485792,732.527802663506,379.2579963335752,0.0,456.05071040883195,405.64008545246907,15266.184054238722,13225.445607516674,11275.55968407396,14249.036107434222,13049.231407156207,40.0,34.95238095238095,31.0,36.25,35.0,-1,-1,-1,-1,-1,5597.600819887531,4849.330056089448,4134.371884160453,5224.646572725881,4784.718182623943,1111111111111111111111,0,1,0
