"Semi-major Axis (m)","Eccentricity","Inclination (deg)","RAAN (deg)","Arg of Perigee (deg)","Mean Anomaly (deg)"
6978137.000,0.000000,45.003,359.884,0.000,359.874
6978137.000,0.000000,45.003,359.884,0.000,37.108
6978137.000,0.000000,45.003,359.884,0.000,74.341
6978137.000,0.000000,45.003,359.884,0.000,111.575
6978137.000,0.000000,45.003,359.884,0.000,148.808
6978137.000,0.000000,45.003,359.884,0.000,186.042
6978137.000,0.000000,45.003,359.884,0.000,223.275
6978137.000,0.000000,45.003,359.884,0.000,260.508
6978137.000,0.000000,45.003,359.884,0.000,297.742
6978137.000,0.000000,45.003,359.884,0.000,334.975
6978137.000,0.000000,45.003,359.884,0.000,12.209
6978137.000,0.000000,45.003,359.884,0.000,49.442
6978137.000,0.000000,45.003,359.884,0.000,86.676
6978137.000,0.000000,45.003,359.884,0.000,123.909
6978137.000,0.000000,45.003,359.884,0.000,161.143
6978137.000,0.000000,45.003,359.884,0.000,198.376
6978137.000,0.000000,45.003,359.884,0.000,235.610
6978137.000,0.000000,45.003,359.884,0.000,272.843
6978137.000,0.000000,45.003,359.884,0.000,310.077
6978137.000,0.000000,45.003,359.884,0.000,347.310
6978137.000,0.000000,45.003,359.884,0.000,24.544
6978137.000,0.000000,45.003,359.884,0.000,61.777
6978137.000,0.000000,45.003,359.884,0.000,99.011
6978137.000,0.000000,45.003,359.884,0.000,136.244
6978137.000,0.000000,45.003,359.884,0.000,173.477
6978137.000,0.000000,45.003,359.884,0.000,210.711
6978137.000,0.000000,45.003,359.884,0.000,247.944
6978137.000,0.000000,45.003,359.884,0.000,285.178
6978137.000,0.000000,45.003,359.884,0.000,322.411
6978137.000,0.000000,45.003,359.884,0.000,359.645
6978137.000,0.000000,45.003,359.884,0.000,36.878
6978137.000,0.000000,45.003,359.884,0.000,74.112
6978137.000,0.000000,45.003,359.884,0.000,111.345
6978137.000,0.000000,45.003,359.884,0.000,148.579
6978137.000,0.000000,45.003,359.884,0.000,185.812
6978137.000,0.000000,45.003,359.884,0.000,223.046
6978137.000,0.000000,45.003,359.884,0.000,260.279
6978137.000,0.000000,45.003,359.884,0.000,297.513
6978137.000,0.000000,45.003,359.884,0.000,334.746
6978137.000,0.000000,45.003,359.884,0.000,11.980
6978137.000,0.000000,45.003,359.884,0.000,49.213
6978137.000,0.000000,45.003,359.884,0.000,86.447
6978137.000,0.000000,45.003,359.884,0.000,123.680
6978137.000,0.000000,45.003,359.884,0.000,160.913
6978137.000,0.000000,45.003,359.884,0.000,198.147
6978137.000,0.000000,45.003,359.884,0.000,235.380
6978137.000,0.000000,45.003,359.884,0.000,272.614
6978137.000,0.000000,45.003,359.884,0.000,309.847
6978137.000,0.000000,45.003,359.884,0.000,347.081
6978137.000,0.000000,45.003,359.884,0.000,24.314
6978137.000,0.000000,45.003,359.884,0.000,61.548
6978137.000,0.000000,45.003,359.884,0.000,98.781
6978137.000,0.000000,45.003,359.884,0.000,136.015
6978137.000,0.000000,45.003,359.884,0.000,173.248
6978137.000,0.000000,45.003,359.884,0.000,210.482
6978137.000,0.000000,45.003,359.884,0.000,247.715
6978137.000,0.000000,45.003,359.884,0.000,284.949
6978137.000,0.000000,45.003,359.884,0.000,322.182
6978137.000,0.000000,45.003,359.884,0.000,359.416
6978137.000,0.000000,45.003,359.884,0.000,36.649
6978137.000,0.000000,45.003,359.884,0.000,73.882
6978137.000,0.000000,45.003,359.884,0.000,111.116
6978137.000,0.000000,45.003,359.884,0.000,148.349
6978137.000,0.000000,45.003,359.884,0.000,185.583
6978137.000,0.000000,45.003,359.884,0.000,222.816
6978137.000,0.000000,45.003,359.884,0.000,260.050
6978137.000,0.000000,45.003,359.884,0.000,297.283
6978137.000,0.000000,45.003,359.884,0.000,334.517
6978137.000,0.000000,45.003,359.884,0.000,11.750
6978137.000,0.000000,45.003,359.884,0.000,48.984
6978137.000,0.000000,45.003,359.884,0.000,86.217
6978137.000,0.000000,45.003,359.884,0.000,123.451
6978137.000,0.000000,45.003,359.884,0.000,160.684
6978137.000,0.000000,45.003,359.884,0.000,197.918
6978137.000,0.000000,45.003,359.884,0.000,235.151
6978137.000,0.000000,45.003,359.884,0.000,272.385
6978137.000,0.000000,45.003,359.884,0.000,309.618
6978137.000,0.000000,45.003,359.884,0.000,346.852
6978137.000,0.000000,45.003,359.884,0.000,24.085
6978137.000,0.000000,45.003,359.884,0.000,61.318
6978137.000,0.000000,45.003,359.884,0.000,98.552
6978137.000,0.000000,45.003,359.884,0.000,135.785
6978137.000,0.000000,45.003,359.884,0.000,173.019
6978137.000,0.000000,45.003,359.884,0.000,210.252
6978137.000,0.000000,45.003,359.884,0.000,247.486
6978137.000,0.000000,45.003,359.884,0.000,284.719
6978137.000,0.000000,45.003,359.884,0.000,321.953
6978137.000,0.000000,45.003,359.884,0.000,359.186
6978137.000,0.000000,45.003,359.884,0.000,36.420
6978137.000,0.000000,45.003,359.884,0.000,73.653
6978137.000,0.000000,45.003,359.884,0.000,110.887
6978137.000,0.000000,45.003,359.884,0.000,148.120
6978137.000,0.000000,45.003,359.884,0.000,185.354
6978137.000,0.000000,45.003,359.884,0.000,222.587
6978137.000,0.000000,45.003,359.884,0.000,259.821
6978137.000,0.000000,45.003,359.884,0.000,297.054
6978137.000,0.000000,45.003,359.884,0.000,334.287
6978137.000,0.000000,45.003,359.884,0.000,11.521
6978137.000,0.000000,45.003,359.884,0.000,48.754
6978137.000,0.000000,45.003,359.884,0.000,85.988
6978137.000,0.000000,45.003,359.884,0.000,123.221
6978137.000,0.000000,45.003,359.884,0.000,160.455
6978137.000,0.000000,45.003,359.884,0.000,197.688
6978137.000,0.000000,45.003,359.884,0.000,234.922
6978137.000,0.000000,45.003,359.884,0.000,272.155
6978137.000,0.000000,45.003,359.884,0.000,309.389
6978137.000,0.000000,45.003,359.884,0.000,346.622
6978137.000,0.000000,45.003,359.884,0.000,23.856
6978137.000,0.000000,45.003,359.884,0.000,61.089
6978137.000,0.000000,45.003,359.884,0.000,98.323
6978137.000,0.000000,45.003,359.884,0.000,135.556
6978137.000,0.000000,45.003,359.884,0.000,172.790
6978137.000,0.000000,45.003,359.884,0.000,210.023
6978137.000,0.000000,45.003,359.884,0.000,247.256
6978137.000,0.000000,45.003,359.884,0.000,284.490
6978137.000,0.000000,45.003,359.884,0.000,321.723
6978137.000,0.000000,45.003,359.884,0.000,358.957
6978137.000,0.000000,45.003,359.884,0.000,36.190
6978137.000,0.000000,45.003,359.884,0.000,73.424
6978137.000,0.000000,45.003,359.884,0.000,110.657
6978137.000,0.000000,45.003,359.884,0.000,147.891
6978137.000,0.000000,45.003,359.884,0.000,185.124
6978137.000,0.000000,45.003,359.884,0.000,222.358
6978137.000,0.000000,45.003,359.884,0.000,259.591
6978137.000,0.000000,45.003,359.884,0.000,296.825
6978137.000,0.000000,45.003,359.884,0.000,334.058
6978137.000,0.000000,45.003,359.884,0.000,11.292
6978137.000,0.000000,45.003,359.884,0.000,48.525
6978137.000,0.000000,45.003,359.884,0.000,85.759
6978137.000,0.000000,45.003,359.884,0.000,122.992
6978137.000,0.000000,45.003,359.884,0.000,160.226
6978137.000,0.000000,45.003,359.884,0.000,197.459
6978137.000,0.000000,45.003,359.884,0.000,234.692
6978137.000,0.000000,45.003,359.884,0.000,271.926
6978137.000,0.000000,45.003,359.884,0.000,309.159
6978137.000,0.000000,45.003,359.884,0.000,346.393
6978137.000,0.000000,45.003,359.884,0.000,23.626
6978137.000,0.000000,45.003,359.884,0.000,60.860
6978137.000,0.000000,45.003,359.884,0.000,98.093
6978137.000,0.000000,45.003,359.884,0.000,135.327
6978137.000,0.000000,45.003,359.884,0.000,172.560
6978137.000,0.000000,45.003,359.884,0.000,209.794
6978137.000,0.000000,45.003,359.884,0.000,247.027
6978137.000,0.000000,45.003,359.884,0.000,284.261
6978137.000,0.000000,45.003,359.884,0.000,321.494
6978137.000,0.000000,45.003,359.884,0.000,358.728
6978137.000,0.000000,45.003,359.884,0.000,35.961
6978137.000,0.000000,45.003,359.884,0.000,73.195
6978137.000,0.000000,45.003,359.884,0.000,110.428
6978137.000,0.000000,45.003,359.884,0.000,147.661
6978137.000,0.000000,45.003,359.884,0.000,184.895
6978137.000,0.000000,45.003,359.884,0.000,222.128
6978137.000,0.000000,45.003,359.884,0.000,259.362
6978137.000,0.000000,45.003,359.884,0.000,296.595
6978137.000,0.000000,45.003,359.884,0.000,333.829
6978137.000,0.000000,45.003,359.884,0.000,11.062
6978137.000,0.000000,45.003,359.884,0.000,48.296
6978137.000,0.000000,45.003,359.884,0.000,85.529
6978137.000,0.000000,45.003,359.884,0.000,122.763
6978137.000,0.000000,45.003,359.884,0.000,159.996
6978137.000,0.000000,45.003,359.884,0.000,197.230
6978137.000,0.000000,45.003,359.884,0.000,234.463
6978137.000,0.000000,45.003,359.884,0.000,271.697
6978137.000,0.000000,45.003,359.884,0.000,308.930
6978137.000,0.000000,45.003,359.884,0.000,346.164
6978137.000,0.000000,45.003,359.884,0.000,23.397
6978137.000,0.000000,45.003,359.884,0.000,60.630
6978137.000,0.000000,45.003,359.884,0.000,97.864
6978137.000,0.000000,45.003,359.884,0.000,135.097
6978137.000,0.000000,45.003,359.884,0.000,172.331
6978137.000,0.000000,45.003,359.884,0.000,209.564
6978137.000,0.000000,45.003,359.884,0.000,246.798
6978137.000,0.000000,45.003,359.884,0.000,284.031
6978137.000,0.000000,45.003,359.884,0.000,321.265
6978137.000,0.000000,45.003,359.884,0.000,358.498
6978137.000,0.000000,45.003,359.884,0.000,35.732
6978137.000,0.000000,45.003,359.884,0.000,72.965
6978137.000,0.000000,45.003,359.884,0.000,110.199
6978137.000,0.000000,45.003,359.884,0.000,147.432
6978137.000,0.000000,45.003,359.884,0.000,184.666
6978137.000,0.000000,45.003,359.884,0.000,221.899
6978137.000,0.000000,45.003,359.884,0.000,259.133
6978137.000,0.000000,45.003,359.884,0.000,296.366
6978137.000,0.000000,45.003,359.884,0.000,333.600
6978137.000,0.000000,45.003,359.884,0.000,10.833
6978137.000,0.000000,45.003,359.884,0.000,48.066
6978137.000,0.000000,45.003,359.884,0.000,85.300
6978137.000,0.000000,45.003,359.884,0.000,122.533
6978137.000,0.000000,45.003,359.884,0.000,159.767
6978137.000,0.000000,45.003,359.884,0.000,197.000
6978137.000,0.000000,45.003,359.884,0.000,234.234
6978137.000,0.000000,45.003,359.884,0.000,271.467
6978137.000,0.000000,45.003,359.884,0.000,308.701
6978137.000,0.000000,45.003,359.884,0.000,345.934
6978137.000,0.000000,45.003,359.884,0.000,23.168
6978137.000,0.000000,45.003,359.884,0.000,60.401
6978137.000,0.000000,45.003,359.884,0.000,97.635
6978137.000,0.000000,45.003,359.884,0.000,134.868
6978137.000,0.000000,45.003,359.884,0.000,172.102
6978137.000,0.000000,45.003,359.884,0.000,209.335
6978137.000,0.000000,45.003,359.884,0.000,246.569
6978137.000,0.000000,45.003,359.884,0.000,283.802
6978137.000,0.000000,45.003,359.884,0.000,321.035
6978137.000,0.000000,45.003,359.884,0.000,358.269
6978137.000,0.000000,45.003,359.884,0.000,35.502
6978137.000,0.000000,45.003,359.884,0.000,72.736
6978137.000,0.000000,45.003,359.884,0.000,109.969
6978137.000,0.000000,45.003,359.884,0.000,147.203
6978137.000,0.000000,45.003,359.884,0.000,184.436
6978137.000,0.000000,45.003,359.884,0.000,221.670
6978137.000,0.000000,45.003,359.884,0.000,258.903
6978137.000,0.000000,45.003,359.884,0.000,296.137
6978137.000,0.000000,45.003,359.884,0.000,333.370
6978137.000,0.000000,45.003,359.884,0.000,10.604
6978137.000,0.000000,45.003,359.884,0.000,47.837
6978137.000,0.000000,45.003,359.884,0.000,85.071
6978137.000,0.000000,45.003,359.884,0.000,122.304
6978137.000,0.000000,45.003,359.884,0.000,159.538
6978137.000,0.000000,45.003,359.884,0.000,196.771
6978137.000,0.000000,45.003,359.884,0.000,234.004
6978137.000,0.000000,45.003,359.884,0.000,271.238
6978137.000,0.000000,45.003,359.884,0.000,308.471
6978137.000,0.000000,45.003,359.884,0.000,345.705
6978137.000,0.000000,45.003,359.884,0.000,22.938
6978137.000,0.000000,45.003,359.884,0.000,60.172
6978137.000,0.000000,45.003,359.884,0.000,97.405
6978137.000,0.000000,45.003,359.884,0.000,134.639
6978137.000,0.000000,45.003,359.884,0.000,171.872
6978137.000,0.000000,45.003,359.884,0.000,209.106
6978137.000,0.000000,45.003,359.884,0.000,246.339
6978137.000,0.000000,45.003,359.884,0.000,283.573
6978137.000,0.000000,45.003,359.884,0.000,320.806
6978137.000,0.000000,45.003,359.884,0.000,358.040
6978137.000,0.000000,45.003,359.884,0.000,35.273
6978137.000,0.000000,45.003,359.884,0.000,72.507
6978137.000,0.000000,45.003,359.884,0.000,109.740
6978137.000,0.000000,45.003,359.884,0.000,146.974
6978137.000,0.000000,45.003,359.884,0.000,184.207
6978137.000,0.000000,45.003,359.884,0.000,221.440
6978137.000,0.000000,45.003,359.884,0.000,258.674
6978137.000,0.000000,45.003,359.884,0.000,295.907
6978137.000,0.000000,45.003,359.884,0.000,333.141
6978137.000,0.000000,45.003,359.884,0.000,10.374
6978137.000,0.000000,45.003,359.884,0.000,47.608
6978137.000,0.000000,45.003,359.884,0.000,84.841
6978137.000,0.000000,45.003,359.884,0.000,122.075
6978137.000,0.000000,45.003,359.884,0.000,159.308
6978137.000,0.000000,45.003,359.884,0.000,196.542
6978137.000,0.000000,45.003,359.884,0.000,233.775
6978137.000,0.000000,45.003,359.884,0.000,271.009
6978137.000,0.000000,45.003,359.884,0.000,308.242
6978137.000,0.000000,45.003,359.884,0.000,345.476
6978137.000,0.000000,45.003,359.884,0.000,22.709
6978137.000,0.000000,45.003,359.884,0.000,59.943
6978137.000,0.000000,45.003,359.884,0.000,97.176
6978137.000,0.000000,45.003,359.884,0.000,134.409
6978137.000,0.000000,45.003,359.884,0.000,171.643
6978137.000,0.000000,45.003,359.884,0.000,208.876
6978137.000,0.000000,45.003,359.884,0.000,246.110
6978137.000,0.000000,45.003,359.884,0.000,283.343
6978137.000,0.000000,45.003,359.884,0.000,320.577
6978137.000,0.000000,45.003,359.884,0.000,357.810
6978137.000,0.000000,45.003,359.884,0.000,35.044
6978137.000,0.000000,45.003,359.884,0.000,72.277
6978137.000,0.000000,45.003,359.884,0.000,109.511
6978137.000,0.000000,45.003,359.884,0.000,146.744
6978137.000,0.000000,45.003,359.884,0.000,183.978
6978137.000,0.000000,45.003,359.884,0.000,221.211
6978137.000,0.000000,45.003,359.884,0.000,258.445
6978137.000,0.000000,45.003,359.884,0.000,295.678
6978137.000,0.000000,45.003,359.884,0.000,332.912
6978137.000,0.000000,45.003,359.884,0.000,10.145
6978137.000,0.000000,45.003,359.884,0.000,47.378
6978137.000,0.000000,45.003,359.884,0.000,84.612
6978137.000,0.000000,45.003,359.884,0.000,121.845
6978137.000,0.000000,45.003,359.884,0.000,159.079
6978137.000,0.000000,45.003,359.884,0.000,196.312
6978137.000,0.000000,45.003,359.884,0.000,233.546
6978137.000,0.000000,45.003,359.884,0.000,270.779
6978137.000,0.000000,45.003,359.884,0.000,308.013
6978137.000,0.000000,45.003,359.884,0.000,345.246
6978137.000,0.000000,45.003,359.884,0.000,22.480
6978137.000,0.000000,45.003,359.884,0.000,59.713
6978137.000,0.000000,45.003,359.884,0.000,96.947
6978137.000,0.000000,45.003,359.884,0.000,134.180
6978137.000,0.000000,45.003,359.884,0.000,171.414
6978137.000,0.000000,45.003,359.884,0.000,208.647
6978137.000,0.000000,45.003,359.884,0.000,245.881
6978137.000,0.000000,45.003,359.884,0.000,283.114
6978137.000,0.000000,45.003,359.884,0.000,320.348
6978137.000,0.000000,45.003,359.884,0.000,357.581
6978137.000,0.000000,45.003,359.884,0.000,34.814
6978137.000,0.000000,45.003,359.884,0.000,72.048
6978137.000,0.000000,45.003,359.884,0.000,109.281
6978137.000,0.000000,45.003,359.884,0.000,146.515
6978137.000,0.000000,45.003,359.884,0.000,183.748
6978137.000,0.000000,45.003,359.884,0.000,220.982
6978137.000,0.000000,45.003,359.884,0.000,258.215
6978137.000,0.000000,45.003,359.884,0.000,295.449
6978137.000,0.000000,45.003,359.884,0.000,332.682
6978137.000,0.000000,45.003,359.884,0.000,9.916
6978137.000,0.000000,45.003,359.884,0.000,47.149
6978137.000,0.000000,45.003,359.884,0.000,84.383
6978137.000,0.000000,45.003,359.884,0.000,121.616
6978137.000,0.000000,45.003,359.884,0.000,158.850
6978137.000,0.000000,45.003,359.884,0.000,196.083
6978137.000,0.000000,45.003,359.884,0.000,233.317
6978137.000,0.000000,45.003,359.884,0.000,270.550
6978137.000,0.000000,45.003,359.884,0.000,307.783
6978137.000,0.000000,45.003,359.884,0.000,345.017
6978137.000,0.000000,45.003,359.884,0.000,22.250
6978137.000,0.000000,45.003,359.884,0.000,59.484
6978137.000,0.000000,45.003,359.884,0.000,96.717
6978137.000,0.000000,45.003,359.884,0.000,133.951
6978137.000,0.000000,45.003,359.884,0.000,171.184
6978137.000,0.000000,45.003,359.884,0.000,208.418
6978137.000,0.000000,45.003,359.884,0.000,245.651
6978137.000,0.000000,45.003,359.884,0.000,282.885
6978137.000,0.000000,45.003,359.884,0.000,320.118
6978137.000,0.000000,45.003,359.884,0.000,357.352
6978137.000,0.000000,45.003,359.884,0.000,34.585
6978137.000,0.000000,45.003,359.884,0.000,71.819
6978137.000,0.000000,45.003,359.884,0.000,109.052
6978137.000,0.000000,45.003,359.884,0.000,146.286
6978137.000,0.000000,45.003,359.884,0.000,183.519
6978137.000,0.000000,45.003,359.884,0.000,220.753
6978137.000,0.000000,45.003,359.884,0.000,257.986
6978137.000,0.000000,45.003,359.884,0.000,295.219
6978137.000,0.000000,45.003,359.884,0.000,332.453
6978137.000,0.000000,45.003,359.884,0.000,9.686
6978137.000,0.000000,45.003,359.884,0.000,46.920
6978137.000,0.000000,45.003,359.884,0.000,84.153
6978137.000,0.000000,45.003,359.884,0.000,121.387
6978137.000,0.000000,45.003,359.884,0.000,158.620
6978137.000,0.000000,45.003,359.884,0.000,195.854
6978137.000,0.000000,45.003,359.884,0.000,233.087
6978137.000,0.000000,45.003,359.884,0.000,270.321
6978137.000,0.000000,45.003,359.884,0.000,307.554
6978137.000,0.000000,45.003,359.884,0.000,344.788
6978137.000,0.000000,45.003,359.884,0.000,22.021
6978137.000,0.000000,45.003,359.884,0.000,59.255
6978137.000,0.000000,45.003,359.884,0.000,96.488
6978137.000,0.000000,45.003,359.884,0.000,133.722
6978137.000,0.000000,45.003,359.884,0.000,170.955
6978137.000,0.000000,45.003,359.884,0.000,208.188
6978137.000,0.000000,45.003,359.884,0.000,245.422
6978137.000,0.000000,45.003,359.884,0.000,282.655
6978137.000,0.000000,45.003,359.884,0.000,319.889
6978137.000,0.000000,45.003,359.884,0.000,357.122
6978137.000,0.000000,45.003,359.884,0.000,34.356
6978137.000,0.000000,45.003,359.884,0.000,71.589
6978137.000,0.000000,45.003,359.884,0.000,108.823
6978137.000,0.000000,45.003,359.884,0.000,146.056
6978137.000,0.000000,45.003,359.884,0.000,183.290
6978137.000,0.000000,45.003,359.884,0.000,220.523
6978137.000,0.000000,45.003,359.884,0.000,257.757
6978137.000,0.000000,45.003,359.884,0.000,294.990
6978137.000,0.000000,45.003,359.884,0.000,332.224
6978137.000,0.000000,45.003,359.884,0.000,9.457
6978137.000,0.000000,45.003,359.884,0.000,46.691
6978137.000,0.000000,45.003,359.884,0.000,83.924
6978137.000,0.000000,45.003,359.884,0.000,121.157
6978137.000,0.000000,45.003,359.884,0.000,158.391
6978137.000,0.000000,45.003,359.884,0.000,195.624
6978137.000,0.000000,45.003,359.884,0.000,232.858
6978137.000,0.000000,45.003,359.884,0.000,270.091
6978137.000,0.000000,45.003,359.884,0.000,307.325
6978137.000,0.000000,45.003,359.884,0.000,344.558
6978137.000,0.000000,45.003,359.884,0.000,21.792
6978137.000,0.000000,45.003,359.884,0.000,59.025
6978137.000,0.000000,45.003,359.884,0.000,96.259
6978137.000,0.000000,45.003,359.884,0.000,133.492
6978137.000,0.000000,45.003,359.884,0.000,170.726
6978137.000,0.000000,45.003,359.884,0.000,207.959
6978137.000,0.000000,45.003,359.884,0.000,245.193
6978137.000,0.000000,45.003,359.884,0.000,282.426
6978137.000,0.000000,45.003,359.884,0.000,319.660
6978137.000,0.000000,45.003,359.884,0.000,356.893
6978137.000,0.000000,45.003,359.884,0.000,34.127
6978137.000,0.000000,45.003,359.884,0.000,71.360
6978137.000,0.000000,45.003,359.884,0.000,108.593
6978137.000,0.000000,45.003,359.884,0.000,145.827
6978137.000,0.000000,45.003,359.884,0.000,183.060
6978137.000,0.000000,45.003,359.884,0.000,220.294
6978137.000,0.000000,45.003,359.884,0.000,257.527
6978137.000,0.000000,45.003,359.884,0.000,294.761
6978137.000,0.000000,45.003,359.884,0.000,331.994
6978137.000,0.000000,45.003,359.884,0.000,9.228
6978137.000,0.000000,45.003,359.884,0.000,46.461
6978137.000,0.000000,45.003,359.884,0.000,83.695
6978137.000,0.000000,45.003,359.884,0.000,120.928
6978137.000,0.000000,45.003,359.884,0.000,158.162
6978137.000,0.000000,45.003,359.884,0.000,195.395
6978137.000,0.000000,45.003,359.884,0.000,232.629
6978137.000,0.000000,45.003,359.884,0.000,269.862
6978137.000,0.000000,45.003,359.884,0.000,307.096
6978137.000,0.000000,45.003,359.884,0.000,344.329
6978137.000,0.000000,45.003,359.884,0.000,21.562
6978137.000,0.000000,45.003,359.884,0.000,58.796
6978137.000,0.000000,45.003,359.884,0.000,96.029
6978137.000,0.000000,45.003,359.884,0.000,133.263
6978137.000,0.000000,45.003,359.884,0.000,170.496
6978137.000,0.000000,45.003,359.884,0.000,207.730
6978137.000,0.000000,45.003,359.884,0.000,244.963
6978137.000,0.000000,45.003,359.884,0.000,282.197
6978137.000,0.000000,45.003,359.884,0.000,319.430
6978137.000,0.000000,45.003,359.884,0.000,356.664
6978137.000,0.000000,45.003,359.884,0.000,33.897
6978137.000,0.000000,45.003,359.884,0.000,71.131
6978137.000,0.000000,45.003,359.884,0.000,108.364
6978137.000,0.000000,45.003,359.884,0.000,145.598
6978137.000,0.000000,45.003,359.884,0.000,182.831
6978137.000,0.000000,45.003,359.884,0.000,220.065
6978137.000,0.000000,45.003,359.884,0.000,257.298
6978137.000,0.000000,45.003,359.884,0.000,294.531
6978137.000,0.000000,45.003,359.884,0.000,331.765
6978137.000,0.000000,45.003,359.884,0.000,8.998
6978137.000,0.000000,45.003,359.884,0.000,46.232
6978137.000,0.000000,45.003,359.884,0.000,83.465
6978137.000,0.000000,45.003,359.884,0.000,120.699
6978137.000,0.000000,45.003,359.884,0.000,157.932
6978137.000,0.000000,45.003,359.884,0.000,195.166
6978137.000,0.000000,45.003,359.884,0.000,232.399
6978137.000,0.000000,45.003,359.884,0.000,269.633
6978137.000,0.000000,45.003,359.884,0.000,306.866
6978137.000,0.000000,45.003,359.884,0.000,344.100
6978137.000,0.000000,45.003,359.884,0.000,21.333
6978137.000,0.000000,45.003,359.884,0.000,58.567
6978137.000,0.000000,45.003,359.884,0.000,95.800
6978137.000,0.000000,45.003,359.884,0.000,133.034
6978137.000,0.000000,45.003,359.884,0.000,170.267
6978137.000,0.000000,45.003,359.884,0.000,207.501
6978137.000,0.000000,45.003,359.884,0.000,244.734
6978137.000,0.000000,45.003,359.884,0.000,281.967
6978137.000,0.000000,45.003,359.884,0.000,319.201
6978137.000,0.000000,45.003,359.884,0.000,356.434
6978137.000,0.000000,45.003,359.884,0.000,33.668
6978137.000,0.000000,45.003,359.884,0.000,70.901
6978137.000,0.000000,45.003,359.884,0.000,108.135
6978137.000,0.000000,45.003,359.884,0.000,145.368
6978137.000,0.000000,45.003,359.884,0.000,182.602
6978137.000,0.000000,45.003,359.884,0.000,219.835
6978137.000,0.000000,45.003,359.884,0.000,257.069
6978137.000,0.000000,45.003,359.884,0.000,294.302
6978137.000,0.000000,45.003,359.884,0.000,331.536
6978137.000,0.000000,45.003,359.884,0.000,8.769
6978137.000,0.000000,45.003,359.884,0.000,46.003
6978137.000,0.000000,45.003,359.884,0.000,83.236
6978137.000,0.000000,45.003,359.884,0.000,120.470
6978137.000,0.000000,45.003,359.884,0.000,157.703
6978137.000,0.000000,45.003,359.884,0.000,194.936
6978137.000,0.000000,45.003,359.884,0.000,232.170
6978137.000,0.000000,45.003,359.884,0.000,269.403
6978137.000,0.000000,45.003,359.884,0.000,306.637
6978137.000,0.000000,45.003,359.884,0.000,343.870
6978137.000,0.000000,45.003,359.884,0.000,21.104
6978137.000,0.000000,45.003,359.884,0.000,58.337
6978137.000,0.000000,45.003,359.884,0.000,95.571
6978137.000,0.000000,45.003,359.884,0.000,132.804
6978137.000,0.000000,45.003,359.884,0.000,170.038
6978137.000,0.000000,45.003,359.884,0.000,207.271
6978137.000,0.000000,45.003,359.884,0.000,244.505
6978137.000,0.000000,45.003,359.884,0.000,281.738
6978137.000,0.000000,45.003,359.884,0.000,318.972
6978137.000,0.000000,45.003,359.884,0.000,356.205
6978137.000,0.000000,45.003,359.884,0.000,33.439
6978137.000,0.000000,45.003,359.884,0.000,70.672
6978137.000,0.000000,45.003,359.884,0.000,107.905
6978137.000,0.000000,45.003,359.884,0.000,145.139
6978137.000,0.000000,45.003,359.884,0.000,182.372
6978137.000,0.000000,45.003,359.884,0.000,219.606
6978137.000,0.000000,45.003,359.884,0.000,256.839
6978137.000,0.000000,45.003,359.884,0.000,294.073
6978137.000,0.000000,45.003,359.884,0.000,331.306
6978137.000,0.000000,45.003,359.884,0.000,8.540
6978137.000,0.000000,45.003,359.884,0.000,45.773
6978137.000,0.000000,45.003,359.884,0.000,83.007
6978137.000,0.000000,45.003,359.884,0.000,120.240
6978137.000,0.000000,45.003,359.884,0.000,157.474
6978137.000,0.000000,45.003,359.884,0.000,194.707
6978137.000,0.000000,45.003,359.884,0.000,231.941
6978137.000,0.000000,45.003,359.884,0.000,269.174
6978137.000,0.000000,45.003,359.884,0.000,306.408
6978137.000,0.000000,45.003,359.884,0.000,343.641
6978137.000,0.000000,45.003,359.884,0.000,20.875
6978137.000,0.000000,45.003,359.884,0.000,58.108
6978137.000,0.000000,45.003,359.884,0.000,95.341
6978137.000,0.000000,45.003,359.884,0.000,132.575
6978137.000,0.000000,45.003,359.884,0.000,169.808
6978137.000,0.000000,45.003,359.884,0.000,207.042
6978137.000,0.000000,45.003,359.884,0.000,244.275
6978137.000,0.000000,45.003,359.884,0.000,281.509
6978137.000,0.000000,45.003,359.884,0.000,318.742
6978137.000,0.000000,45.003,359.884,0.000,355.976
6978137.000,0.000000,45.003,359.884,0.000,33.209
6978137.000,0.000000,45.003,359.884,0.000,70.443
6978137.000,0.000000,45.003,359.884,0.000,107.676
6978137.000,0.000000,45.003,359.884,0.000,144.910
6978137.000,0.000000,45.003,359.884,0.000,182.143
6978137.000,0.000000,45.003,359.884,0.000,219.377
6978137.000,0.000000,45.003,359.884,0.000,256.610
6978137.000,0.000000,45.003,359.884,0.000,293.844
6978137.000,0.000000,45.003,359.884,0.000,331.077
6978137.000,0.000000,45.003,359.884,0.000,8.310
6978137.000,0.000000,45.003,359.884,0.000,45.544
6978137.000,0.000000,45.003,359.884,0.000,82.777
6978137.000,0.000000,45.003,359.884,0.000,120.011
6978137.000,0.000000,45.003,359.884,0.000,157.244
6978137.000,0.000000,45.003,359.884,0.000,194.478
6978137.000,0.000000,45.003,359.884,0.000,231.711
6978137.000,0.000000,45.003,359.884,0.000,268.945
6978137.000,0.000000,45.003,359.884,0.000,306.178
6978137.000,0.000000,45.003,359.884,0.000,343.412
6978137.000,0.000000,45.003,359.884,0.000,20.645
6978137.000,0.000000,45.003,359.884,0.000,57.879
6978137.000,0.000000,45.003,359.884,0.000,95.112
6978137.000,0.000000,45.003,359.884,0.000,132.346
6978137.000,0.000000,45.003,359.884,0.000,169.579
6978137.000,0.000000,45.003,359.884,0.000,206.813
6978137.000,0.000000,45.003,359.884,0.000,244.046
6978137.000,0.000000,45.003,359.884,0.000,281.280
6978137.000,0.000000,45.003,359.884,0.000,318.513
6978137.000,0.000000,45.003,359.884,0.000,355.746
6978137.000,0.000000,45.003,359.884,0.000,32.980
6978137.000,0.000000,45.003,359.884,0.000,70.213
6978137.000,0.000000,45.003,359.884,0.000,107.447
6978137.000,0.000000,45.003,359.884,0.000,144.680
6978137.000,0.000000,45.003,359.884,0.000,181.914
6978137.000,0.000000,45.003,359.884,0.000,219.147
6978137.000,0.000000,45.003,359.884,0.000,256.381
6978137.000,0.000000,45.003,359.884,0.000,293.614
6978137.000,0.000000,45.003,359.884,0.000,330.848
6978137.000,0.000000,45.003,359.884,0.000,8.081
6978137.000,0.000000,45.003,359.884,0.000,45.315
6978137.000,0.000000,45.003,359.884,0.000,82.548
6978137.000,0.000000,45.003,359.884,0.000,119.782
6978137.000,0.000000,45.003,359.884,0.000,157.015
6978137.000,0.000000,45.003,359.884,0.000,194.249
6978137.000,0.000000,45.003,359.884,0.000,231.482
6978137.000,0.000000,45.003,359.884,0.000,268.715
6978137.000,0.000000,45.003,359.884,0.000,305.949
6978137.000,0.000000,45.003,359.884,0.000,343.182
6978137.000,0.000000,45.003,359.884,0.000,20.416
6978137.000,0.000000,45.003,359.884,0.000,57.649
6978137.000,0.000000,45.003,359.884,0.000,94.883
6978137.000,0.000000,45.003,359.884,0.000,132.116
6978137.000,0.000000,45.003,359.884,0.000,169.350
6978137.000,0.000000,45.003,359.884,0.000,206.583
6978137.000,0.000000,45.003,359.884,0.000,243.817
6978137.000,0.000000,45.003,359.884,0.000,281.050
6978137.000,0.000000,45.003,359.884,0.000,318.284
6978137.000,0.000000,45.003,359.884,0.000,355.517
6978137.000,0.000000,45.003,359.884,0.000,32.751
6978137.000,0.000000,45.003,359.884,0.000,69.984
6978137.000,0.000000,45.003,359.884,0.000,107.218
6978137.000,0.000000,45.003,359.884,0.000,144.451
6978137.000,0.000000,45.003,359.884,0.000,181.684
6978137.000,0.000000,45.003,359.884,0.000,218.918
6978137.000,0.000000,45.003,359.884,0.000,256.151
6978137.000,0.000000,45.003,359.884,0.000,293.385
6978137.000,0.000000,45.003,359.884,0.000,330.618
6978137.000,0.000000,45.003,359.884,0.000,7.852
6978137.000,0.000000,45.003,359.884,0.000,45.085
6978137.000,0.000000,45.003,359.884,0.000,82.319
6978137.000,0.000000,45.003,359.884,0.000,119.552
6978137.000,0.000000,45.003,359.884,0.000,156.786
6978137.000,0.000000,45.003,359.884,0.000,194.019
6978137.000,0.000000,45.003,359.884,0.000,231.253
6978137.000,0.000000,45.003,359.884,0.000,268.486
6978137.000,0.000000,45.003,359.884,0.000,305.720
6978137.000,0.000000,45.003,359.884,0.000,342.953
6978137.000,0.000000,45.003,359.884,0.000,20.187
6978137.000,0.000000,45.003,359.884,0.000,57.420
6978137.000,0.000000,45.003,359.884,0.000,94.654
6978137.000,0.000000,45.003,359.884,0.000,131.887
6978137.000,0.000000,45.003,359.884,0.000,169.120
6978137.000,0.000000,45.003,359.884,0.000,206.354
6978137.000,0.000000,45.003,359.884,0.000,243.587
6978137.000,0.000000,45.003,359.884,0.000,280.821
6978137.000,0.000000,45.003,359.884,0.000,318.054
6978137.000,0.000000,45.003,359.884,0.000,355.288
6978137.000,0.000000,45.003,359.884,0.000,32.521
6978137.000,0.000000,45.003,359.884,0.000,69.755
6978137.000,0.000000,45.003,359.884,0.000,106.988
6978137.000,0.000000,45.003,359.884,0.000,144.222
6978137.000,0.000000,45.003,359.884,0.000,181.455
6978137.000,0.000000,45.003,359.884,0.000,218.689
6978137.000,0.000000,45.003,359.884,0.000,255.922
6978137.000,0.000000,45.003,359.884,0.000,293.156
6978137.000,0.000000,45.003,359.884,0.000,330.389
6978137.000,0.000000,45.003,359.884,0.000,7.623
6978137.000,0.000000,45.003,359.884,0.000,44.856
6978137.000,0.000000,45.003,359.884,0.000,82.089
6978137.000,0.000000,45.003,359.884,0.000,119.323
6978137.000,0.000000,45.003,359.884,0.000,156.556
6978137.000,0.000000,45.003,359.884,0.000,193.790
6978137.000,0.000000,45.003,359.884,0.000,231.023
6978137.000,0.000000,45.003,359.884,0.000,268.257
6978137.000,0.000000,45.003,359.884,0.000,305.490
6978137.000,0.000000,45.003,359.884,0.000,342.724
6978137.000,0.000000,45.003,359.884,0.000,19.957
6978137.000,0.000000,45.003,359.884,0.000,57.191
6978137.000,0.000000,45.003,359.884,0.000,94.424
6978137.000,0.000000,45.003,359.884,0.000,131.658
6978137.000,0.000000,45.003,359.884,0.000,168.891
6978137.000,0.000000,45.003,359.884,0.000,206.125
6978137.000,0.000000,45.003,359.884,0.000,243.358
6978137.000,0.000000,45.003,359.884,0.000,280.592
6978137.000,0.000000,45.003,359.884,0.000,317.825
6978137.000,0.000000,45.003,359.884,0.000,355.058
6978137.000,0.000000,45.003,359.884,0.000,32.292
6978137.000,0.000000,45.003,359.884,0.000,69.525
6978137.000,0.000000,45.003,359.884,0.000,106.759
6978137.000,0.000000,45.003,359.884,0.000,143.992
6978137.000,0.000000,45.003,359.884,0.000,181.226
6978137.000,0.000000,45.003,359.884,0.000,218.459
6978137.000,0.000000,45.003,359.884,0.000,255.693
6978137.000,0.000000,45.003,359.884,0.000,292.926
6978137.000,0.000000,45.003,359.884,0.000,330.160
6978137.000,0.000000,45.003,359.884,0.000,7.393
6978137.000,0.000000,45.003,359.884,0.000,44.627
6978137.000,0.000000,45.003,359.884,0.000,81.860
6978137.000,0.000000,45.003,359.884,0.000,119.094
6978137.000,0.000000,45.003,359.884,0.000,156.327
6978137.000,0.000000,45.003,359.884,0.000,193.561
6978137.000,0.000000,45.003,359.884,0.000,230.794
6978137.000,0.000000,45.003,359.884,0.000,268.028
6978137.000,0.000000,45.003,359.884,0.000,305.261
6978137.000,0.000000,45.003,359.884,0.000,342.494
6978137.000,0.000000,45.003,359.884,0.000,19.728
6978137.000,0.000000,45.003,359.884,0.000,56.961
6978137.000,0.000000,45.003,359.884,0.000,94.195
6978137.000,0.000000,45.003,359.884,0.000,131.428
6978137.000,0.000000,45.003,359.884,0.000,168.662
6978137.000,0.000000,45.003,359.884,0.000,205.895
6978137.000,0.000000,45.003,359.884,0.000,243.129
6978137.000,0.000000,45.003,359.884,0.000,280.362
6978137.000,0.000000,45.003,359.884,0.000,317.596
6978137.000,0.000000,45.003,359.884,0.000,354.829
6978137.000,0.000000,45.003,359.884,0.000,32.063
6978137.000,0.000000,45.003,359.884,0.000,69.296
6978137.000,0.000000,45.003,359.884,0.000,106.530
6978137.000,0.000000,45.003,359.884,0.000,143.763
6978137.000,0.000000,45.003,359.884,0.000,180.997
6978137.000,0.000000,45.003,359.884,0.000,218.230
6978137.000,0.000000,45.003,359.884,0.000,255.463
6978137.000,0.000000,45.003,359.884,0.000,292.697
6978137.000,0.000000,45.003,359.884,0.000,329.930
6978137.000,0.000000,45.003,359.884,0.000,7.164
6978137.000,0.000000,45.003,359.884,0.000,44.397
6978137.000,0.000000,45.003,359.884,0.000,81.631
6978137.000,0.000000,45.003,359.884,0.000,118.864
6978137.000,0.000000,45.003,359.884,0.000,156.098
6978137.000,0.000000,45.003,359.884,0.000,193.331
6978137.000,0.000000,45.003,359.884,0.000,230.565
6978137.000,0.000000,45.003,359.884,0.000,267.798
6978137.000,0.000000,45.003,359.884,0.000,305.032
6978137.000,0.000000,45.003,359.884,0.000,342.265
6978137.000,0.000000,45.003,359.884,0.000,19.499
6978137.000,0.000000,45.003,359.884,0.000,56.732
6978137.000,0.000000,45.003,359.884,0.000,93.966
6978137.000,0.000000,45.003,359.884,0.000,131.199
6978137.000,0.000000,45.003,359.884,0.000,168.432
6978137.000,0.000000,45.003,359.884,0.000,205.666
6978137.000,0.000000,45.003,359.884,0.000,242.899
6978137.000,0.000000,45.003,359.884,0.000,280.133
6978137.000,0.000000,45.003,359.884,0.000,317.366
6978137.000,0.000000,45.003,359.884,0.000,354.600
6978137.000,0.000000,45.003,359.884,0.000,31.833
6978137.000,0.000000,45.003,359.884,0.000,69.067
6978137.000,0.000000,45.003,359.884,0.000,106.300
6978137.000,0.000000,45.003,359.884,0.000,143.534
6978137.000,0.000000,45.003,359.884,0.000,180.767
6978137.000,0.000000,45.003,359.884,0.000,218.001
6978137.000,0.000000,45.003,359.884,0.000,255.234
6978137.000,0.000000,45.003,359.884,0.000,292.468
6978137.000,0.000000,45.003,359.884,0.000,329.701
6978137.000,0.000000,45.003,359.884,0.000,6.935
6978137.000,0.000000,45.003,359.884,0.000,44.168
6978137.000,0.000000,45.003,359.884,0.000,81.402
6978137.000,0.000000,45.003,359.884,0.000,118.635
6978137.000,0.000000,45.003,359.884,0.000,155.868
6978137.000,0.000000,45.003,359.884,0.000,193.102
6978137.000,0.000000,45.003,359.884,0.000,230.335
6978137.000,0.000000,45.003,359.884,0.000,267.569
6978137.000,0.000000,45.003,359.884,0.000,304.802
6978137.000,0.000000,45.003,359.884,0.000,342.036
6978137.000,0.000000,45.003,359.884,0.000,19.269
6978137.000,0.000000,45.003,359.884,0.000,56.503
6978137.000,0.000000,45.003,359.884,0.000,93.736
6978137.000,0.000000,45.003,359.884,0.000,130.970
6978137.000,0.000000,45.003,359.884,0.000,168.203
6978137.000,0.000000,45.003,359.884,0.000,205.437
6978137.000,0.000000,45.003,359.884,0.000,242.670
6978137.000,0.000000,45.003,359.884,0.000,279.904
6978137.000,0.000000,45.003,359.884,0.000,317.137
6978137.000,0.000000,45.003,359.884,0.000,354.371
6978137.000,0.000000,45.003,359.884,0.000,31.604
6978137.000,0.000000,45.003,359.884,0.000,68.837
6978137.000,0.000000,45.003,359.884,0.000,106.071
6978137.000,0.000000,45.003,359.884,0.000,143.304
6978137.000,0.000000,45.003,359.884,0.000,180.538
6978137.000,0.000000,45.003,359.884,0.000,217.771
6978137.000,0.000000,45.003,359.884,0.000,255.005
6978137.000,0.000000,45.003,359.884,0.000,292.238
6978137.000,0.000000,45.003,359.884,0.000,329.472
6978137.000,0.000000,45.003,359.884,0.000,6.705
6978137.000,0.000000,45.003,359.884,0.000,43.939
6978137.000,0.000000,45.003,359.884,0.000,81.172
6978137.000,0.000000,45.003,359.884,0.000,118.406
6978137.000,0.000000,45.003,359.884,0.000,155.639
6978137.000,0.000000,45.003,359.884,0.000,192.873
6978137.000,0.000000,45.003,359.884,0.000,230.106
6978137.000,0.000000,45.003,359.884,0.000,267.340
6978137.000,0.000000,45.003,359.884,0.000,304.573
6978137.000,0.000000,45.003,359.884,0.000,341.806
6978137.000,0.000000,45.003,359.884,0.000,19.040
6978137.000,0.000000,45.003,359.884,0.000,56.273
6978137.000,0.000000,45.003,359.884,0.000,93.507
6978137.000,0.000000,45.003,359.884,0.000,130.740
6978137.000,0.000000,45.003,359.884,0.000,167.974
6978137.000,0.000000,45.003,359.884,0.000,205.207
6978137.000,0.000000,45.003,359.884,0.000,242.441
6978137.000,0.000000,45.003,359.884,0.000,279.674
6978137.000,0.000000,45.003,359.884,0.000,316.908
6978137.000,0.000000,45.003,359.884,0.000,354.141
6978137.000,0.000000,45.003,359.884,0.000,31.375
6978137.000,0.000000,45.003,359.884,0.000,68.608
6978137.000,0.000000,45.003,359.884,0.000,105.842
6978137.000,0.000000,45.003,359.884,0.000,143.075
6978137.000,0.000000,45.003,359.884,0.000,180.309
6978137.000,0.000000,45.003,359.884,0.000,217.542
6978137.000,0.000000,45.003,359.884,0.000,254.776
6978137.000,0.000000,45.003,359.884,0.000,292.009
6978137.000,0.000000,45.003,359.884,0.000,329.242
6978137.000,0.000000,45.003,359.884,0.000,6.476
6978137.000,0.000000,45.003,359.884,0.000,43.709
6978137.000,0.000000,45.003,359.884,0.000,80.943
6978137.000,0.000000,45.003,359.884,0.000,118.176
6978137.000,0.000000,45.003,359.884,0.000,155.410
6978137.000,0.000000,45.003,359.884,0.000,192.643
6978137.000,0.000000,45.003,359.884,0.000,229.877
6978137.000,0.000000,45.003,359.884,0.000,267.110
6978137.000,0.000000,45.003,359.884,0.000,304.344
6978137.000,0.000000,45.003,359.884,0.000,341.577
6978137.000,0.000000,45.003,359.884,0.000,18.811
6978137.000,0.000000,45.003,359.884,0.000,56.044
6978137.000,0.000000,45.003,359.884,0.000,93.278
6978137.000,0.000000,45.003,359.884,0.000,130.511
6978137.000,0.000000,45.003,359.884,0.000,167.745
6978137.000,0.000000,45.003,359.884,0.000,204.978
6978137.000,0.000000,45.003,359.884,0.000,242.211
6978137.000,0.000000,45.003,359.884,0.000,279.445
6978137.000,0.000000,45.003,359.884,0.000,316.678
6978137.000,0.000000,45.003,359.884,0.000,353.912
6978137.000,0.000000,45.003,359.884,0.000,31.145
6978137.000,0.000000,45.003,359.884,0.000,68.379
6978137.000,0.000000,45.003,359.884,0.000,105.612
6978137.000,0.000000,45.003,359.884,0.000,142.846
6978137.000,0.000000,45.003,359.884,0.000,180.079
6978137.000,0.000000,45.003,359.884,0.000,217.313
6978137.000,0.000000,45.003,359.884,0.000,254.546
6978137.000,0.000000,45.003,359.884,0.000,291.780
6978137.000,0.000000,45.003,359.884,0.000,329.013
6978137.000,0.000000,45.003,359.884,0.000,6.247
6978137.000,0.000000,45.003,359.884,0.000,43.480
6978137.000,0.000000,45.003,359.884,0.000,80.714
6978137.000,0.000000,45.003,359.884,0.000,117.947
6978137.000,0.000000,45.003,359.884,0.000,155.181
6978137.000,0.000000,45.003,359.884,0.000,192.414
6978137.000,0.000000,45.003,359.884,0.000,229.647
6978137.000,0.000000,45.003,359.884,0.000,266.881
6978137.000,0.000000,45.003,359.884,0.000,304.114
6978137.000,0.000000,45.003,359.884,0.000,341.348
6978137.000,0.000000,45.003,359.884,0.000,18.581
6978137.000,0.000000,45.003,359.884,0.000,55.815
6978137.000,0.000000,45.003,359.884,0.000,93.048
6978137.000,0.000000,45.003,359.884,0.000,130.282
6978137.000,0.000000,45.003,359.884,0.000,167.515
6978137.000,0.000000,45.003,359.884,0.000,204.749
6978137.000,0.000000,45.003,359.884,0.000,241.982
6978137.000,0.000000,45.003,359.884,0.000,279.216
6978137.000,0.000000,45.003,359.884,0.000,316.449
6978137.000,0.000000,45.003,359.884,0.000,353.683
6978137.000,0.000000,45.003,359.884,0.000,30.916
6978137.000,0.000000,45.003,359.884,0.000,68.150
6978137.000,0.000000,45.003,359.884,0.000,105.383
6978137.000,0.000000,45.003,359.884,0.000,142.616
6978137.000,0.000000,45.003,359.884,0.000,179.850
6978137.000,0.000000,45.003,359.884,0.000,217.083
6978137.000,0.000000,45.003,359.884,0.000,254.317
6978137.000,0.000000,45.003,359.884,0.000,291.550
6978137.000,0.000000,45.003,359.884,0.000,328.784
6978137.000,0.000000,45.003,359.884,0.000,6.017
6978137.000,0.000000,45.003,359.884,0.000,43.251
6978137.000,0.000000,45.003,359.884,0.000,80.484
6978137.000,0.000000,45.003,359.884,0.000,117.718
6978137.000,0.000000,45.003,359.884,0.000,154.951
6978137.000,0.000000,45.003,359.884,0.000,192.185
6978137.000,0.000000,45.003,359.884,0.000,229.418
6978137.000,0.000000,45.003,359.884,0.000,266.652
6978137.000,0.000000,45.003,359.884,0.000,303.885
6978137.000,0.000000,45.003,359.884,0.000,341.119
6978137.000,0.000000,45.003,359.884,0.000,18.352
6978137.000,0.000000,45.003,359.884,0.000,55.585
6978137.000,0.000000,45.003,359.884,0.000,92.819
6978137.000,0.000000,45.003,359.884,0.000,130.052
6978137.000,0.000000,45.003,359.884,0.000,167.286
6978137.000,0.000000,45.003,359.884,0.000,204.519
6978137.000,0.000000,45.003,359.884,0.000,241.753
6978137.000,0.000000,45.003,359.884,0.000,278.986
6978137.000,0.000000,45.003,359.884,0.000,316.220
6978137.000,0.000000,45.003,359.884,0.000,353.453
6978137.000,0.000000,45.003,359.884,0.000,30.687
6978137.000,0.000000,45.003,359.884,0.000,67.920
6978137.000,0.000000,45.003,359.884,0.000,105.154
6978137.000,0.000000,45.003,359.884,0.000,142.387
6978137.000,0.000000,45.003,359.884,0.000,179.621
6978137.000,0.000000,45.003,359.884,0.000,216.854
6978137.000,0.000000,45.003,359.884,0.000,254.088
6978137.000,0.000000,45.003,359.884,0.000,291.321
6978137.000,0.000000,45.003,359.884,0.000,328.555
6978137.000,0.000000,45.003,359.884,0.000,5.788
6978137.000,0.000000,45.003,359.884,0.000,43.021
6978137.000,0.000000,45.003,359.884,0.000,80.255
6978137.000,0.000000,45.003,359.884,0.000,117.488
6978137.000,0.000000,45.003,359.884,0.000,154.722
6978137.000,0.000000,45.003,359.884,0.000,191.955
6978137.000,0.000000,45.003,359.884,0.000,229.189
6978137.000,0.000000,45.003,359.884,0.000,266.422
6978137.000,0.000000,45.003,359.884,0.000,303.656
6978137.000,0.000000,45.003,359.884,0.000,340.889
6978137.000,0.000000,45.003,359.884,0.000,18.123
6978137.000,0.000000,45.003,359.884,0.000,55.356
6978137.000,0.000000,45.003,359.884,0.000,92.590
6978137.000,0.000000,45.003,359.884,0.000,129.823
6978137.000,0.000000,45.003,359.884,0.000,167.057
6978137.000,0.000000,45.003,359.884,0.000,204.290
6978137.000,0.000000,45.003,359.884,0.000,241.524
6978137.000,0.000000,45.003,359.884,0.000,278.757
6978137.000,0.000000,45.003,359.884,0.000,315.990
6978137.000,0.000000,45.003,359.884,0.000,353.224
6978137.000,0.000000,45.003,359.884,0.000,30.457
6978137.000,0.000000,45.003,359.884,0.000,67.691
6978137.000,0.000000,45.003,359.884,0.000,104.924
6978137.000,0.000000,45.003,359.884,0.000,142.158
6978137.000,0.000000,45.003,359.884,0.000,179.391
6978137.000,0.000000,45.003,359.884,0.000,216.625
6978137.000,0.000000,45.003,359.884,0.000,253.858
6978137.000,0.000000,45.003,359.884,0.000,291.092
6978137.000,0.000000,45.003,359.884,0.000,328.325
6978137.000,0.000000,45.003,359.884,0.000,5.559
6978137.000,0.000000,45.003,359.884,0.000,42.792
6978137.000,0.000000,45.003,359.884,0.000,80.026
6978137.000,0.000000,45.003,359.884,0.000,117.259
6978137.000,0.000000,45.003,359.884,0.000,154.493
6978137.000,0.000000,45.003,359.884,0.000,191.726
6978137.000,0.000000,45.003,359.884,0.000,228.959
6978137.000,0.000000,45.003,359.884,0.000,266.193
6978137.000,0.000000,45.003,359.884,0.000,303.426
6978137.000,0.000000,45.003,359.884,0.000,340.660
6978137.000,0.000000,45.003,359.884,0.000,17.893
6978137.000,0.000000,45.003,359.884,0.000,55.127
6978137.000,0.000000,45.003,359.884,0.000,92.360
6978137.000,0.000000,45.003,359.884,0.000,129.594
6978137.000,0.000000,45.003,359.884,0.000,166.827
6978137.000,0.000000,45.003,359.884,0.000,204.061
6978137.000,0.000000,45.003,359.884,0.000,241.294
6978137.000,0.000000,45.003,359.884,0.000,278.528
6978137.000,0.000000,45.003,359.884,0.000,315.761
6978137.000,0.000000,45.003,359.884,0.000,352.995
6978137.000,0.000000,45.003,359.884,0.000,30.228
6978137.000,0.000000,45.003,359.884,0.000,67.462
6978137.000,0.000000,45.003,359.884,0.000,104.695
6978137.000,0.000000,45.003,359.884,0.000,141.929
6978137.000,0.000000,45.003,359.884,0.000,179.162
6978137.000,0.000000,45.003,359.884,0.000,216.395
6978137.000,0.000000,45.003,359.884,0.000,253.629
6978137.000,0.000000,45.003,359.884,0.000,290.862
6978137.000,0.000000,45.003,359.884,0.000,328.096
6978137.000,0.000000,45.003,359.884,0.000,5.329
6978137.000,0.000000,45.003,359.884,0.000,42.563
6978137.000,0.000000,45.003,359.884,0.000,79.796
6978137.000,0.000000,45.003,359.884,0.000,117.030
6978137.000,0.000000,45.003,359.884,0.000,154.263
6978137.000,0.000000,45.003,359.884,0.000,191.497
6978137.000,0.000000,45.003,359.884,0.000,228.730
6978137.000,0.000000,45.003,359.884,0.000,265.964
6978137.000,0.000000,45.003,359.884,0.000,303.197
6978137.000,0.000000,45.003,359.884,0.000,340.431
6978137.000,0.000000,45.003,359.884,0.000,17.664
6978137.000,0.000000,45.003,359.884,0.000,54.898
6978137.000,0.000000,45.003,359.884,0.000,92.131
6978137.000,0.000000,45.003,359.884,0.000,129.364
6978137.000,0.000000,45.003,359.884,0.000,166.598
6978137.000,0.000000,45.003,359.884,0.000,203.831
6978137.000,0.000000,45.003,359.884,0.000,241.065
6978137.000,0.000000,45.003,359.884,0.000,278.298
6978137.000,0.000000,45.003,359.884,0.000,315.532
6978137.000,0.000000,45.003,359.884,0.000,352.765
6978137.000,0.000000,45.003,359.884,0.000,29.999
6978137.000,0.000000,45.003,359.884,0.000,67.232
6978137.000,0.000000,45.003,359.884,0.000,104.466
6978137.000,0.000000,45.003,359.884,0.000,141.699
6978137.000,0.000000,45.003,359.884,0.000,178.933
6978137.000,0.000000,45.003,359.884,0.000,216.166
6978137.000,0.000000,45.003,359.884,0.000,253.400
6978137.000,0.000000,45.003,359.884,0.000,290.633
6978137.000,0.000000,45.003,359.884,0.000,327.867
6978137.000,0.000000,45.003,359.884,0.000,5.100
6978137.000,0.000000,45.003,359.884,0.000,42.333
6978137.000,0.000000,45.003,359.884,0.000,79.567
6978137.000,0.000000,45.003,359.884,0.000,116.800
6978137.000,0.000000,45.003,359.884,0.000,154.034
6978137.000,0.000000,45.003,359.884,0.000,191.267
6978137.000,0.000000,45.003,359.884,0.000,228.501
6978137.000,0.000000,45.003,359.884,0.000,265.734
6978137.000,0.000000,45.003,359.884,0.000,302.968
6978137.000,0.000000,45.003,359.884,0.000,340.201
6978137.000,0.000000,45.003,359.884,0.000,17.435
6978137.000,0.000000,45.003,359.884,0.000,54.668
6978137.000,0.000000,45.003,359.884,0.000,91.902
6978137.000,0.000000,45.003,359.884,0.000,129.135
6978137.000,0.000000,45.003,359.884,0.000,166.369
6978137.000,0.000000,45.003,359.884,0.000,203.602
6978137.000,0.000000,45.003,359.884,0.000,240.836
6978137.000,0.000000,45.003,359.884,0.000,278.069
6978137.000,0.000000,45.003,359.884,0.000,315.303
6978137.000,0.000000,45.003,359.884,0.000,352.536
6978137.000,0.000000,45.003,359.884,0.000,29.769
6978137.000,0.000000,45.003,359.884,0.000,67.003
6978137.000,0.000000,45.003,359.884,0.000,104.236
6978137.000,0.000000,45.003,359.884,0.000,141.470
6978137.000,0.000000,45.003,359.884,0.000,178.703
6978137.000,0.000000,45.003,359.884,0.000,215.937
6978137.000,0.000000,45.003,359.884,0.000,253.170
6978137.000,0.000000,45.003,359.884,0.000,290.404
6978137.000,0.000000,45.003,359.884,0.000,327.637
6978137.000,0.000000,45.003,359.884,0.000,4.871
6978137.000,0.000000,45.003,359.884,0.000,42.104
6978137.000,0.000000,45.003,359.884,0.000,79.338
6978137.000,0.000000,45.003,359.884,0.000,116.571
6978137.000,0.000000,45.003,359.884,0.000,153.805
6978137.000,0.000000,45.003,359.884,0.000,191.038
6978137.000,0.000000,45.003,359.884,0.000,228.272
6978137.000,0.000000,45.003,359.884,0.000,265.505
6978137.000,0.000000,45.003,359.884,0.000,302.738
6978137.000,0.000000,45.003,359.884,0.000,339.972
6978137.000,0.000000,45.003,359.884,0.000,17.205
6978137.000,0.000000,45.003,359.884,0.000,54.439
6978137.000,0.000000,45.003,359.884,0.000,91.672
6978137.000,0.000000,45.003,359.884,0.000,128.906
6978137.000,0.000000,45.003,359.884,0.000,166.139
6978137.000,0.000000,45.003,359.884,0.000,203.373
6978137.000,0.000000,45.003,359.884,0.000,240.606
6978137.000,0.000000,45.003,359.884,0.000,277.840
6978137.000,0.000000,45.003,359.884,0.000,315.073
6978137.000,0.000000,45.003,359.884,0.000,352.307
6978137.000,0.000000,45.003,359.884,0.000,29.540
6978137.000,0.000000,45.003,359.884,0.000,66.774
6978137.000,0.000000,45.003,359.884,0.000,104.007
6978137.000,0.000000,45.003,359.884,0.000,141.241
6978137.000,0.000000,45.003,359.884,0.000,178.474
6978137.000,0.000000,45.003,359.884,0.000,215.707
6978137.000,0.000000,45.003,359.884,0.000,252.941
6978137.000,0.000000,45.003,359.884,0.000,290.174
6978137.000,0.000000,45.003,359.884,0.000,327.408
6978137.000,0.000000,45.003,359.884,0.000,4.641
6978137.000,0.000000,45.003,359.884,0.000,41.875
6978137.000,0.000000,45.003,359.884,0.000,79.108
6978137.000,0.000000,45.003,359.884,0.000,116.342
6978137.000,0.000000,45.003,359.884,0.000,153.575
6978137.000,0.000000,45.003,359.884,0.000,190.809
6978137.000,0.000000,45.003,359.884,0.000,228.042
6978137.000,0.000000,45.003,359.884,0.000,265.276
6978137.000,0.000000,45.003,359.884,0.000,302.509
6978137.000,0.000000,45.003,359.884,0.000,339.743
6978137.000,0.000000,45.003,359.884,0.000,16.976
6978137.000,0.000000,45.003,359.884,0.000,54.210
6978137.000,0.000000,45.003,359.884,0.000,91.443
6978137.000,0.000000,45.003,359.884,0.000,128.677
6978137.000,0.000000,45.003,359.884,0.000,165.910
6978137.000,0.000000,45.003,359.884,0.000,203.143
6978137.000,0.000000,45.003,359.884,0.000,240.377
6978137.000,0.000000,45.003,359.884,0.000,277.610
6978137.000,0.000000,45.003,359.884,0.000,314.844
6978137.000,0.000000,45.003,359.884,0.000,352.077
6978137.000,0.000000,45.003,359.884,0.000,29.311
6978137.000,0.000000,45.003,359.884,0.000,66.544
6978137.000,0.000000,45.003,359.884,0.000,103.778
6978137.000,0.000000,45.003,359.884,0.000,141.011
6978137.000,0.000000,45.003,359.884,0.000,178.245
6978137.000,0.000000,45.003,359.884,0.000,215.478
6978137.000,0.000000,45.003,359.884,0.000,252.712
6978137.000,0.000000,45.003,359.884,0.000,289.945
6978137.000,0.000000,45.003,359.884,0.000,327.179
6978137.000,0.000000,45.003,359.884,0.000,4.412
6978137.000,0.000000,45.003,359.884,0.000,41.646
6978137.000,0.000000,45.003,359.884,0.000,78.879
6978137.000,0.000000,45.003,359.884,0.000,116.112
6978137.000,0.000000,45.003,359.884,0.000,153.346
6978137.000,0.000000,45.003,359.884,0.000,190.579
6978137.000,0.000000,45.003,359.884,0.000,227.813
6978137.000,0.000000,45.003,359.884,0.000,265.046
6978137.000,0.000000,45.003,359.884,0.000,302.280
6978137.000,0.000000,45.003,359.884,0.000,339.513
6978137.000,0.000000,45.003,359.884,0.000,16.747
6978137.000,0.000000,45.003,359.884,0.000,53.980
6978137.000,0.000000,45.003,359.884,0.000,91.214

